date,name,value
2020/1/11,湖北,41
2020/1/18,湖北,4
2020/1/19,湖北,17
2020/1/20,北京,2
2020/1/20,北京,2
2020/1/20,北京,1
2020/1/20,广东,1
2020/1/20,广东,8
2020/1/20,广东,3
2020/1/20,广东,1
2020/1/20,广东,1
2020/1/20,湖北,59
2020/1/20,湖北,77
2020/1/20,上海,1
2020/1/21,广东,1
2020/1/21,广东,1
2020/1/21,广东,1
2020/1/21,湖北,60
2020/1/21,湖北,12
2020/1/21,上海,1
2020/1/21,上海,4
2020/1/21,天津,2
2020/1/21,浙江,2
2020/1/21,浙江,1
2020/1/21,浙江,1
2020/1/21,浙江,1
2020/1/21,台湾,1
2020/1/21,河南,1
2020/1/21,重庆,2
2020/1/21,重庆,2
2020/1/21,重庆,1
2020/1/21,四川,1
2020/1/21,北京,1
2020/1/21,北京,1
2020/1/21,北京,1
2020/1/21,北京,1
2020/1/21,北京,1
2020/1/21,云南,1
2020/1/21,山东,1
2020/1/22,湖南,1
2020/1/22,四川,1
2020/1/22,江西,1
2020/1/22,江西,1
2020/1/22,上海,3
2020/1/22,澳门,1
2020/1/22,广东,2
2020/1/22,广东,4
2020/1/22,广东,1
2020/1/22,广东,2
2020/1/22,浙江,3
2020/1/22,浙江,2
2020/1/22,天津,2
2020/1/22,辽宁,1
2020/1/22,辽宁,1
2020/1/22,湖北,105
2020/1/22,海南,1
2020/1/22,海南,2
2020/1/22,海南,1
2020/1/22,福建,1
2020/1/22,湖南,3
2020/1/22,贵州,1
2020/1/22,四川,1
2020/1/22,四川,2
2020/1/22,山西,1
2020/1/22,重庆,1
2020/1/22,宁夏,1
2020/1/22,广西,1
2020/1/22,广西,1
2020/1/22,河南,1
2020/1/22,河南,1
2020/1/22,河南,2
2020/1/22,安徽,1
2020/1/22,山东,1
2020/1/22,湖北,62
2020/1/22,湖北,6
2020/1/22,湖北,1
2020/1/22,河北,1
2020/1/22,北京,1
2020/1/22,北京,1
2020/1/22,北京,1
2020/1/22,北京,1
2020/1/23,江苏,1
2020/1/23,黑龙江,1
2020/1/23,广西,2
2020/1/23,广西,1
2020/1/23,上海,7
2020/1/23,四川,2
2020/1/23,四川,1
2020/1/23,澳门,1
2020/1/23,山东,2
2020/1/23,山东,2
2020/1/23,广东,1
2020/1/23,广东,1
2020/1/23,广东,3
2020/1/23,广东,1
2020/1/23,吉林,1
2020/1/23,福建,1
2020/1/23,福建,1
2020/1/23,福建,1
2020/1/23,湖南,3
2020/1/23,湖南,1
2020/1/23,湖南,1
2020/1/23,辽宁,1
2020/1/23,重庆,1
2020/1/23,重庆,2
2020/1/23,贵州,1
2020/1/23,贵州,1
2020/1/23,安徽,1
2020/1/23,安徽,1
2020/1/23,安徽,1
2020/1/23,安徽,4
2020/1/23,安徽,1
2020/1/23,江西,1
2020/1/23,浙江,5
2020/1/23,浙江,2
2020/1/23,浙江,2
2020/1/23,浙江,1
2020/1/23,浙江,1
2020/1/23,浙江,1
2020/1/23,浙江,5
2020/1/23,黑龙江,1
2020/1/23,福建,1
2020/1/23,新疆,2
2020/1/23,陕西,1
2020/1/23,陕西,2
2020/1/23,北京,1
2020/1/23,北京,1
2020/1/23,北京,1
2020/1/23,北京,1
2020/1/23,北京,4
2020/1/23,香港,2
2020/1/23,江苏,2
2020/1/23,江苏,1
2020/1/23,江苏,1
2020/1/23,甘肃,1
2020/1/23,甘肃,1
2020/1/24,河北,1
2020/1/24,江西,1
2020/1/24,江西,1
2020/1/24,江西,1
2020/1/24,江西,1
2020/1/24,云南,1
2020/1/24,广西,3
2020/1/24,广西,1
2020/1/24,广西,2
2020/1/24,广西,1
2020/1/24,广西,1
2020/1/24,北京,1
2020/1/24,北京,1
2020/1/24,北京,1
2020/1/24,北京,1
2020/1/24,天津,1
2020/1/24,上海,4
2020/1/24,黑龙江,1
2020/1/24,黑龙江,1
2020/1/24,广东,3
2020/1/24,广东,1
2020/1/24,广东,2
2020/1/24,广东,4
2020/1/24,广东,5
2020/1/24,广东,1
2020/1/24,广东,4
2020/1/24,广东,1
2020/1/24,湖北,7
2020/1/24,湖北,1
2020/1/24,湖北,2
2020/1/24,湖北,22
2020/1/24,湖北,2
2020/1/24,湖北,1
2020/1/24,湖北,70
2020/1/24,安徽,1
2020/1/24,安徽,1
2020/1/24,安徽,1
2020/1/24,安徽,1
2020/1/24,安徽,1
2020/1/24,安徽,1
2020/1/24,浙江,3
2020/1/24,浙江,1
2020/1/24,浙江,12
2020/1/24,重庆,1
2020/1/24,重庆,2
2020/1/24,重庆,2
2020/1/24,重庆,2
2020/1/24,重庆,1
2020/1/24,重庆,1
2020/1/24,重庆,1
2020/1/24,重庆,1
2020/1/24,重庆,1
2020/1/24,重庆,1
2020/1/24,重庆,1
2020/1/24,重庆,1
2020/1/24,重庆,2
2020/1/24,重庆,1
2020/1/24,河南,1
2020/1/24,河南,1
2020/1/24,河南,1
2020/1/24,河南,1
2020/1/24,吉林,1
2020/1/24,吉林,1
2020/1/24,四川,3
2020/1/24,四川,1
2020/1/24,四川,1
2020/1/24,四川,1
2020/1/24,四川,1
2020/1/24,山东,1
2020/1/24,山东,1
2020/1/24,山东,1
2020/1/24,江苏,1
2020/1/24,江苏,1
2020/1/24,江苏,1
2020/1/24,江苏,1
2020/1/24,海南,2
2020/1/24,海南,1
2020/1/24,海南,1
2020/1/24,湖南,3
2020/1/24,湖南,3
2020/1/24,湖南,3
2020/1/24,湖南,4
2020/1/24,湖南,1
2020/1/24,湖南,1
2020/1/24,辽宁,1
2020/1/24,内蒙古,1
2020/1/24,天津,1
2020/1/24,山东,2
2020/1/24,山东,2
2020/1/24,山东,1
2020/1/24,山东,1
2020/1/24,福建,2
2020/1/24,福建,2
2020/1/24,北京,1
2020/1/24,北京,2
2020/1/24,福建,1
2020/1/24,宁夏,1
2020/1/24,天津,1
2020/1/24,陕西,1
2020/1/24,陕西,1
2020/1/24,北京,2
2020/1/24,北京,1
2020/1/24,北京,1
2020/1/24,北京,1
2020/1/24,台湾,2
2020/1/24,贵州,1
2020/1/24,天津,1
2020/1/24,北京,2
2020/1/24,云南,1
2020/1/24,云南,1
2020/1/24,云南,1
2020/1/24,广西,4
2020/1/24,广西,1
2020/1/24,广西,2
2020/1/24,广西,2
2020/1/24,广西,1
2020/1/24,江西,3
2020/1/24,江西,2
2020/1/24,江西,2
2020/1/24,江西,1
2020/1/24,江西,1
2020/1/24,江西,1
2020/1/24,江西,1
2020/1/24,香港,3
2020/1/25,湖北,4
2020/1/25,湖北,77
2020/1/25,湖北,4
2020/1/25,湖北,13
2020/1/25,湖北,8
2020/1/25,湖北,5
2020/1/25,湖北,11
2020/1/25,湖北,1
2020/1/25,湖北,3
2020/1/25,湖北,2
2020/1/25,湖北,52
2020/1/25,辽宁,1
2020/1/25,辽宁,1
2020/1/25,辽宁,1
2020/1/25,辽宁,2
2020/1/25,辽宁,1
2020/1/25,辽宁,2
2020/1/25,甘肃,1
2020/1/25,甘肃,1
2020/1/25,山西,1
2020/1/25,山西,1
2020/1/25,山西,2
2020/1/25,山西,1
2020/1/25,上海,13
2020/1/25,山东,1
2020/1/25,山东,1
2020/1/25,山东,1
2020/1/25,山东,1
2020/1/25,山东,1
2020/1/25,山东,1
2020/1/25,江苏,5
2020/1/25,江苏,1
2020/1/25,江苏,1
2020/1/25,江苏,1
2020/1/25,江苏,1
2020/1/25,河北,1
2020/1/25,河北,1
2020/1/25,河北,3
2020/1/25,河北,1
2020/1/25,重庆,7
2020/1/25,重庆,1
2020/1/25,重庆,1
2020/1/25,重庆,2
2020/1/25,重庆,2
2020/1/25,重庆,1
2020/1/25,重庆,2
2020/1/25,重庆,2
2020/1/25,重庆,1
2020/1/25,重庆,1
2020/1/25,重庆,1
2020/1/25,重庆,2
2020/1/25,重庆,1
2020/1/25,重庆,1
2020/1/25,重庆,3
2020/1/25,重庆,2
2020/1/25,广东,1
2020/1/25,广东,1
2020/1/25,广东,7
2020/1/25,广东,5
2020/1/25,广东,2
2020/1/25,广东,3
2020/1/25,广东,2
2020/1/25,广东,2
2020/1/25,广东,1
2020/1/25,广东,1
2020/1/25,湖南,3
2020/1/25,湖南,1
2020/1/25,湖南,2
2020/1/25,湖南,2
2020/1/25,湖南,3
2020/1/25,湖南,4
2020/1/25,湖南,2
2020/1/25,湖南,2
2020/1/25,黑龙江,5
2020/1/25,安徽,4
2020/1/25,安徽,3
2020/1/25,安徽,3
2020/1/25,安徽,4
2020/1/25,安徽,5
2020/1/25,安徽,3
2020/1/25,安徽,1
2020/1/25,安徽,1
2020/1/25,浙江,6
2020/1/25,浙江,1
2020/1/25,浙江,4
2020/1/25,浙江,1
2020/1/25,浙江,3
2020/1/25,浙江,1
2020/1/25,浙江,1
2020/1/25,浙江,2
2020/1/25,新疆,1
2020/1/25,吉林,1
2020/1/25,河南,1
2020/1/25,河南,1
2020/1/25,河南,8
2020/1/25,河南,2
2020/1/25,河南,3
2020/1/25,河南,3
2020/1/25,河南,4
2020/1/25,海南,3
2020/1/25,海南,3
2020/1/25,海南,3
2020/1/25,四川,9
2020/1/25,四川,1
2020/1/25,四川,1
2020/1/25,四川,1
2020/1/25,四川,1
2020/1/25,内蒙古,1
2020/1/25,辽宁,2
2020/1/25,辽宁,1
2020/1/25,山东,2
2020/1/25,山东,1
2020/1/25,山东,1
2020/1/25,山东,1
2020/1/25,山东,1
2020/1/25,宁夏,1
2020/1/25,天津,1
2020/1/25,陕西,1
2020/1/25,陕西,2
2020/1/25,陕西,3
2020/1/25,陕西,2
2020/1/25,陕西,1
2020/1/25,陕西,1
2020/1/25,福建,1
2020/1/25,福建,3
2020/1/25,福建,2
2020/1/25,福建,1
2020/1/25,福建,1
2020/1/25,青海,1
2020/1/25,天津,1
2020/1/25,辽宁,1
2020/1/25,北京,1
2020/1/25,北京,2
2020/1/25,云南,1
2020/1/25,云南,1
2020/1/25,云南,1
2020/1/25,云南,1
2020/1/25,云南,1
2020/1/25,云南,1
2020/1/25,海南,1
2020/1/25,海南,1
2020/1/25,内蒙古,1
2020/1/25,内蒙古,2
2020/1/25,内蒙古,1
2020/1/25,内蒙古,1
2020/1/25,贵州,1
2020/1/25,湖北,31
2020/1/26,辽宁,1
2020/1/26,湖北,46
2020/1/26,湖北,2
2020/1/26,湖北,15
2020/1/26,湖北,19
2020/1/26,湖北,23
2020/1/26,湖北,17
2020/1/26,湖北,43
2020/1/26,湖北,29
2020/1/26,湖北,31
2020/1/26,湖北,6
2020/1/26,湖北,1
2020/1/26,湖北,2
2020/1/26,湖北,58
2020/1/26,北京,1
2020/1/26,北京,1
2020/1/26,北京,2
2020/1/26,北京,2
2020/1/26,北京,1
2020/1/26,北京,2
2020/1/26,北京,2
2020/1/26,上海,7
2020/1/26,山东,1
2020/1/26,山东,1
2020/1/26,山东,1
2020/1/26,山东,1
2020/1/26,山东,2
2020/1/26,山东,2
2020/1/26,山东,4
2020/1/26,湖南,3
2020/1/26,湖南,10
2020/1/26,湖南,2
2020/1/26,湖南,1
2020/1/26,湖南,1
2020/1/26,湖南,4
2020/1/26,湖南,2
2020/1/26,湖南,3
2020/1/26,江苏,3
2020/1/26,江苏,1
2020/1/26,江苏,4
2020/1/26,江苏,1
2020/1/26,江苏,2
2020/1/26,江苏,1
2020/1/26,江苏,1
2020/1/26,河南,3
2020/1/26,河南,3
2020/1/26,河南,12
2020/1/26,河南,1
2020/1/26,河南,2
2020/1/26,河南,1
2020/1/26,河南,1
2020/1/26,河南,5
2020/1/26,河南,7
2020/1/26,河南,17
2020/1/26,重庆,3
2020/1/26,重庆,2
2020/1/26,重庆,2
2020/1/26,重庆,2
2020/1/26,重庆,1
2020/1/26,重庆,1
2020/1/26,重庆,2
2020/1/26,重庆,2
2020/1/26,重庆,2
2020/1/26,重庆,1
2020/1/26,浙江,15
2020/1/26,浙江,7
2020/1/26,浙江,8
2020/1/26,浙江,1
2020/1/26,浙江,4
2020/1/26,浙江,1
2020/1/26,浙江,1
2020/1/26,浙江,1
2020/1/26,浙江,1
2020/1/26,浙江,3
2020/1/26,广东,3
2020/1/26,广东,7
2020/1/26,广东,1
2020/1/26,广东,1
2020/1/26,广东,1
2020/1/26,广东,1
2020/1/26,广东,1
2020/1/26,广东,2
2020/1/26,广东,2
2020/1/26,广东,1
2020/1/26,安徽,3
2020/1/26,安徽,3
2020/1/26,安徽,3
2020/1/26,安徽,2
2020/1/26,安徽,2
2020/1/26,安徽,2
2020/1/26,安徽,1
2020/1/26,安徽,1
2020/1/26,安徽,1
2020/1/26,安徽,1
2020/1/26,安徽,1
2020/1/26,安徽,1
2020/1/26,黑龙江,1
2020/1/26,黑龙江,2
2020/1/26,黑龙江,1
2020/1/26,黑龙江,2
2020/1/26,新疆,1
2020/1/26,河北,2
2020/1/26,河北,2
2020/1/26,河北,1
2020/1/26,甘肃,2
2020/1/26,甘肃,1
2020/1/26,江西,5
2020/1/26,江西,4
2020/1/26,江西,4
2020/1/26,江西,2
2020/1/26,江西,1
2020/1/26,江西,1
2020/1/26,江西,1
2020/1/26,山西,2
2020/1/26,山西,1
2020/1/26,辽宁,1
2020/1/26,辽宁,1
2020/1/26,广西,1
2020/1/26,广西,1
2020/1/26,广西,1
2020/1/26,广西,1
2020/1/26,广西,5
2020/1/26,广西,1
2020/1/26,四川,6
2020/1/26,四川,3
2020/1/26,四川,2
2020/1/26,四川,2
2020/1/26,四川,1
2020/1/26,四川,1
2020/1/26,四川,1
2020/1/26,澳门,3
2020/1/26,海南,2
2020/1/26,海南,1
2020/1/26,陕西,4
2020/1/26,陕西,1
2020/1/26,陕西,2
2020/1/26,宁夏,1
2020/1/26,北京,3
2020/1/26,山东,2
2020/1/26,山东,2
2020/1/26,山东,2
2020/1/26,山东,1
2020/1/26,辽宁,1
2020/1/26,辽宁,1
2020/1/26,香港,1
2020/1/26,江苏,2
2020/1/26,福建,4
2020/1/26,福建,1
2020/1/26,福建,1
2020/1/26,福建,1
2020/1/26,福建,3
2020/1/26,福建,1
2020/1/26,北京,3
2020/1/26,北京,1
2020/1/26,北京,2
2020/1/26,北京,1
2020/1/26,北京,1
2020/1/26,北京,1
2020/1/26,北京,1
2020/1/26,台湾,1
2020/1/26,福建,3
2020/1/26,福建,1
2020/1/26,福建,1
2020/1/26,福建,1
2020/1/26,北京,2
2020/1/26,北京,2
2020/1/26,青海,3
2020/1/27,江西,4
2020/1/27,江西,2
2020/1/27,江西,2
2020/1/27,江西,1
2020/1/27,江西,1
2020/1/27,江西,1
2020/1/27,江西,1
2020/1/27,辽宁,1
2020/1/27,湖北,80
2020/1/27,湖北,5
2020/1/27,湖北,20
2020/1/27,湖北,34
2020/1/27,湖北,11
2020/1/27,湖北,14
2020/1/27,湖北,52
2020/1/27,湖北,19
2020/1/27,湖北,45
2020/1/27,湖北,32
2020/1/27,湖北,21
2020/1/27,湖北,16
2020/1/27,湖北,8
2020/1/27,湖北,1
2020/1/27,湖北,8
2020/1/27,湖北,5
2020/1/27,山西,2
2020/1/27,山西,1
2020/1/27,山西,1
2020/1/27,香港,2
2020/1/27,广西,4
2020/1/27,广西,3
2020/1/27,广西,2
2020/1/27,广西,2
2020/1/27,广西,1
2020/1/27,广西,1
2020/1/27,上海,13
2020/1/27,河南,1
2020/1/27,河南,2
2020/1/27,河南,1
2020/1/27,河南,6
2020/1/27,河南,1
2020/1/27,河南,3
2020/1/27,河南,4
2020/1/27,河南,1
2020/1/27,河南,3
2020/1/27,河南,1
2020/1/27,河南,4
2020/1/27,河南,1
2020/1/27,河南,2
2020/1/27,河南,6
2020/1/27,河南,9
2020/1/27,山东,3
2020/1/27,山东,3
2020/1/27,山东,2
2020/1/27,山东,2
2020/1/27,山东,2
2020/1/27,山东,2
2020/1/27,山东,1
2020/1/27,山东,1
2020/1/27,山东,1
2020/1/27,安徽,3
2020/1/27,安徽,3
2020/1/27,安徽,2
2020/1/27,安徽,1
2020/1/27,安徽,1
2020/1/27,江苏,3
2020/1/27,江苏,2
2020/1/27,江苏,1
2020/1/27,江苏,1
2020/1/27,江苏,2
2020/1/27,江苏,1
2020/1/27,江苏,3
2020/1/27,江苏,1
2020/1/27,浙江,14
2020/1/27,浙江,2
2020/1/27,浙江,1
2020/1/27,浙江,2
2020/1/27,浙江,2
2020/1/27,浙江,2
2020/1/27,浙江,1
2020/1/27,湖南,4
2020/1/27,湖南,1
2020/1/27,湖南,2
2020/1/27,湖南,1
2020/1/27,湖南,6
2020/1/27,湖南,1
2020/1/27,湖南,5
2020/1/27,湖南,3
2020/1/27,湖南,3
2020/1/27,湖南,3
2020/1/27,湖南,2
2020/1/27,云南,2
2020/1/27,云南,1
2020/1/27,云南,2
2020/1/27,云南,3
2020/1/27,贵州,1
2020/1/27,贵州,1
2020/1/27,吉林,1
2020/1/27,吉林,1
2020/1/27,重庆,1
2020/1/27,重庆,2
2020/1/27,重庆,1
2020/1/27,重庆,1
2020/1/27,重庆,1
2020/1/27,重庆,1
2020/1/27,重庆,1
2020/1/27,重庆,2
2020/1/27,重庆,1
2020/1/27,重庆,1
2020/1/27,重庆,1
2020/1/27,重庆,2
2020/1/27,重庆,3
2020/1/27,重庆,2
2020/1/27,重庆,2
2020/1/27,重庆,1
2020/1/27,重庆,4
2020/1/27,重庆,2
2020/1/27,重庆,2
2020/1/27,重庆,4
2020/1/27,广东,1
2020/1/27,广东,1
2020/1/27,广东,25
2020/1/27,广东,9
2020/1/27,广东,2
2020/1/27,广东,4
2020/1/27,广东,1
2020/1/27,广东,2
2020/1/27,广东,2
2020/1/27,广东,1
2020/1/27,甘肃,1
2020/1/27,甘肃,1
2020/1/27,甘肃,4
2020/1/27,甘肃,1
2020/1/27,黑龙江,1
2020/1/27,黑龙江,1
2020/1/27,黑龙江,1
2020/1/27,黑龙江,1
2020/1/27,黑龙江,2
2020/1/27,内蒙古,2
2020/1/27,内蒙古,1
2020/1/27,内蒙古,1
2020/1/27,河北,2
2020/1/27,河北,2
2020/1/27,河北,1
2020/1/27,澳门,1
2020/1/27,天津,3
2020/1/27,天津,1
2020/1/27,四川,11
2020/1/27,四川,2
2020/1/27,四川,1
2020/1/27,四川,2
2020/1/27,四川,1
2020/1/27,四川,2
2020/1/27,四川,1
2020/1/27,四川,1
2020/1/27,四川,4
2020/1/27,辽宁,1
2020/1/27,陕西,4
2020/1/27,陕西,1
2020/1/27,陕西,1
2020/1/27,陕西,1
2020/1/27,陕西,2
2020/1/27,陕西,4
2020/1/27,天津,1
2020/1/27,天津,2
2020/1/27,辽宁,1
2020/1/27,海南,2
2020/1/27,海南,2
2020/1/27,海南,1
2020/1/27,海南,3
2020/1/27,海南,1
2020/1/27,宁夏,3
2020/1/27,天津,1
2020/1/27,福建,4
2020/1/27,福建,5
2020/1/27,福建,8
2020/1/27,福建,1
2020/1/27,福建,3
2020/1/27,山东,2
2020/1/27,山东,4
2020/1/27,山东,3
2020/1/27,山东,2
2020/1/27,山东,1
2020/1/27,新疆,1
2020/1/27,北京,2
2020/1/27,北京,1
2020/1/27,北京,2
2020/1/27,台湾,1
2020/1/27,辽宁,3
2020/1/27,广东,2
2020/1/27,广东,2
2020/1/27,广东,1
2020/1/27,云南,3
2020/1/27,云南,1
2020/1/27,云南,1
2020/1/27,云南,1
2020/1/27,云南,1
2020/1/27,海南,1
2020/1/27,海南,1
2020/1/27,青海,2
2020/1/27,天津,2
2020/1/27,天津,2
2020/1/27,福建,1
2020/1/27,福建,1
2020/1/27,福建,1
2020/1/27,北京,1
2020/1/27,北京,6
2020/1/27,北京,1
2020/1/28,天津,1
2020/1/28,江西,9
2020/1/28,江西,5
2020/1/28,江西,4
2020/1/28,江西,3
2020/1/28,江西,1
2020/1/28,江西,1
2020/1/28,江西,1
2020/1/28,山西,3
2020/1/28,山西,2
2020/1/28,山西,1
2020/1/28,山西,1
2020/1/28,广西,2
2020/1/28,广西,2
2020/1/28,广西,1
2020/1/28,河南,2
2020/1/28,河南,8
2020/1/28,河南,1
2020/1/28,河南,4
2020/1/28,河南,2
2020/1/28,河南,1
2020/1/28,河南,3
2020/1/28,河南,7
2020/1/28,河南,1
2020/1/28,河南,4
2020/1/28,河南,6
2020/1/28,河南,1
2020/1/28,山东,1
2020/1/28,山东,3
2020/1/28,山东,2
2020/1/28,山东,2
2020/1/28,山东,1
2020/1/28,山东,1
2020/1/28,山东,1
2020/1/28,山东,1
2020/1/28,江苏,3
2020/1/28,江苏,2
2020/1/28,江苏,5
2020/1/28,江苏,2
2020/1/28,江苏,4
2020/1/28,江苏,2
2020/1/28,江苏,1
2020/1/28,江苏,2
2020/1/28,江苏,2
2020/1/28,贵州,2
2020/1/28,上海,10
2020/1/28,上海,2
2020/1/28,上海,1
2020/1/28,湖北,892
2020/1/28,湖北,17
2020/1/28,湖北,25
2020/1/28,湖北,34
2020/1/28,湖北,20
2020/1/28,湖北,24
2020/1/28,湖北,24
2020/1/28,湖北,37
2020/1/28,湖北,73
2020/1/28,湖北,59
2020/1/28,湖北,27
2020/1/28,湖北,18
2020/1/28,湖北,13
2020/1/28,湖北,15
2020/1/28,湖北,10
2020/1/28,湖北,2
2020/1/28,湖北,1
2020/1/28,安徽,11
2020/1/28,安徽,6
2020/1/28,安徽,3
2020/1/28,安徽,3
2020/1/28,安徽,3
2020/1/28,安徽,3
2020/1/28,安徽,2
2020/1/28,安徽,2
2020/1/28,安徽,1
2020/1/28,安徽,1
2020/1/28,安徽,1
2020/1/28,重庆,1
2020/1/28,重庆,1
2020/1/28,重庆,1
2020/1/28,重庆,1
2020/1/28,重庆,1
2020/1/28,重庆,1
2020/1/28,重庆,1
2020/1/28,重庆,1
2020/1/28,重庆,1
2020/1/28,重庆,1
2020/1/28,重庆,2
2020/1/28,重庆,1
2020/1/28,重庆,3
2020/1/28,重庆,2
2020/1/28,重庆,3
2020/1/28,重庆,1
2020/1/28,新疆,1
2020/1/28,新疆,2
2020/1/28,新疆,1
2020/1/28,新疆,1
2020/1/28,黑龙江,2
2020/1/28,黑龙江,1
2020/1/28,黑龙江,1
2020/1/28,黑龙江,5
2020/1/28,甘肃,1
2020/1/28,甘肃,1
2020/1/28,甘肃,3
2020/1/28,浙江,5
2020/1/28,浙江,4
2020/1/28,浙江,28
2020/1/28,浙江,3
2020/1/28,浙江,1
2020/1/28,浙江,2
2020/1/28,浙江,2
2020/1/28,四川,4
2020/1/28,四川,5
2020/1/28,四川,1
2020/1/28,四川,1
2020/1/28,四川,1
2020/1/28,四川,2
2020/1/28,四川,1
2020/1/28,四川,2
2020/1/28,四川,1
2020/1/28,四川,1
2020/1/28,四川,1
2020/1/28,四川,1
2020/1/28,河北,4
2020/1/28,河北,3
2020/1/28,河北,2
2020/1/28,河北,2
2020/1/28,河北,2
2020/1/28,河北,1
2020/1/28,河北,1
2020/1/28,广东,10
2020/1/28,广东,13
2020/1/28,广东,3
2020/1/28,广东,4
2020/1/28,广东,3
2020/1/28,广东,1
2020/1/28,广东,2
2020/1/28,广东,1
2020/1/28,内蒙古,1
2020/1/28,内蒙古,1
2020/1/28,宁夏,2
2020/1/28,宁夏,2
2020/1/28,海南,1
2020/1/28,海南,3
2020/1/28,海南,1
2020/1/28,海南,1
2020/1/28,海南,1
2020/1/28,吉林,1
2020/1/28,吉林,1
2020/1/28,湖南,2
2020/1/28,湖南,3
2020/1/28,湖南,2
2020/1/28,湖南,2
2020/1/28,湖南,3
2020/1/28,湖南,10
2020/1/28,湖南,7
2020/1/28,湖南,3
2020/1/28,湖南,1
2020/1/28,湖南,3
2020/1/28,湖南,5
2020/1/28,湖南,2
2020/1/28,澳门,1
2020/1/28,天津,1
2020/1/28,辽宁,1
2020/1/28,辽宁,1
2020/1/28,辽宁,1
2020/1/28,云南,1
2020/1/28,福建,1
2020/1/28,福建,3
2020/1/28,福建,4
2020/1/28,福建,4
2020/1/28,福建,1
2020/1/28,福建,1
2020/1/28,云南,5
2020/1/28,云南,4
2020/1/28,云南,1
2020/1/28,云南,1
2020/1/28,云南,5
2020/1/28,云南,1
2020/1/28,陕西,3
2020/1/28,陕西,3
2020/1/28,陕西,2
2020/1/28,陕西,1
2020/1/28,陕西,1
2020/1/28,陕西,1
2020/1/28,山东,2
2020/1/28,山东,3
2020/1/28,山东,2
2020/1/28,山东,1
2020/1/28,内蒙古,2
2020/1/28,北京,1
2020/1/28,北京,4
2020/1/28,北京,3
2020/1/28,北京,1
2020/1/28,北京,2
2020/1/28,台湾,2
2020/1/28,辽宁,4
2020/1/28,福建,6
2020/1/28,福建,1
2020/1/28,台湾,1
2020/1/28,黑龙江,1
2020/1/28,黑龙江,2
2020/1/29,湖北,315
2020/1/29,湖北,33
2020/1/29,湖北,23
2020/1/29,湖北,61
2020/1/29,湖北,12
2020/1/29,湖北,30
2020/1/29,湖北,28
2020/1/29,湖北,27
2020/1/29,湖北,101
2020/1/29,湖北,111
2020/1/29,湖北,21
2020/1/29,湖北,46
2020/1/29,湖北,13
2020/1/29,湖北,5
2020/1/29,湖北,11
2020/1/29,湖北,1
2020/1/29,湖北,2
2020/1/29,山西,1
2020/1/29,山西,4
2020/1/29,山西,2
2020/1/29,江西,8
2020/1/29,江西,8
2020/1/29,江西,7
2020/1/29,江西,6
2020/1/29,江西,4
2020/1/29,江西,2
2020/1/29,江西,1
2020/1/29,江西,1
2020/1/29,黑龙江,2
2020/1/29,上海,3
2020/1/29,上海,2
2020/1/29,上海,1
2020/1/29,上海,1
2020/1/29,上海,7
2020/1/29,辽宁,1
2020/1/29,辽宁,1
2020/1/29,广西,2
2020/1/29,广西,2
2020/1/29,广西,2
2020/1/29,广西,1
2020/1/29,河南,1
2020/1/29,河南,3
2020/1/29,河南,1
2020/1/29,河南,3
2020/1/29,河南,3
2020/1/29,河南,1
2020/1/29,河南,1
2020/1/29,河南,5
2020/1/29,河南,7
2020/1/29,河南,4
2020/1/29,河南,3
2020/1/29,河南,6
2020/1/29,山东,1
2020/1/29,山东,2
2020/1/29,山东,3
2020/1/29,山东,2
2020/1/29,山东,2
2020/1/29,山东,1
2020/1/29,山东,1
2020/1/29,山东,7
2020/1/29,山东,3
2020/1/29,山东,2
2020/1/29,山东,2
2020/1/29,安徽,13
2020/1/29,安徽,7
2020/1/29,安徽,6
2020/1/29,安徽,2
2020/1/29,安徽,2
2020/1/29,安徽,1
2020/1/29,安徽,2
2020/1/29,安徽,6
2020/1/29,安徽,3
2020/1/29,安徽,4
2020/1/29,江苏,4
2020/1/29,江苏,8
2020/1/29,江苏,3
2020/1/29,江苏,1
2020/1/29,江苏,5
2020/1/29,江苏,3
2020/1/29,江苏,4
2020/1/29,江苏,1
2020/1/29,浙江,19
2020/1/29,浙江,3
2020/1/29,浙江,54
2020/1/29,浙江,2
2020/1/29,浙江,3
2020/1/29,浙江,12
2020/1/29,浙江,6
2020/1/29,浙江,3
2020/1/29,浙江,2
2020/1/29,浙江,18
2020/1/29,浙江,1
2020/1/29,四川,9
2020/1/29,四川,1
2020/1/29,四川,1
2020/1/29,四川,1
2020/1/29,四川,1
2020/1/29,四川,1
2020/1/29,四川,1
2020/1/29,四川,1
2020/1/29,四川,2
2020/1/29,湖南,22
2020/1/29,湖南,10
2020/1/29,湖南,6
2020/1/29,湖南,2
2020/1/29,湖南,8
2020/1/29,湖南,9
2020/1/29,湖南,7
2020/1/29,湖南,4
2020/1/29,湖南,4
2020/1/29,湖南,2
2020/1/29,湖南,4
2020/1/29,黑龙江,1
2020/1/29,黑龙江,1
2020/1/29,河北,3
2020/1/29,河北,3
2020/1/29,河北,3
2020/1/29,河北,2
2020/1/29,河北,1
2020/1/29,河北,1
2020/1/29,河北,1
2020/1/29,河北,1
2020/1/29,甘肃,1
2020/1/29,甘肃,3
2020/1/29,甘肃,1
2020/1/29,广东,1
2020/1/29,广东,2
2020/1/29,广东,14
2020/1/29,广东,12
2020/1/29,广东,6
2020/1/29,广东,5
2020/1/29,广东,2
2020/1/29,广东,2
2020/1/29,广东,2
2020/1/29,广东,2
2020/1/29,广东,1
2020/1/29,广东,1
2020/1/29,广东,1
2020/1/29,广东,1
2020/1/29,广东,1
2020/1/29,重庆,2
2020/1/29,重庆,1
2020/1/29,重庆,1
2020/1/29,重庆,1
2020/1/29,重庆,2
2020/1/29,重庆,1
2020/1/29,重庆,2
2020/1/29,重庆,2
2020/1/29,重庆,1
2020/1/29,重庆,1
2020/1/29,重庆,1
2020/1/29,福建,1
2020/1/29,福建,1
2020/1/29,新疆,1
2020/1/29,新疆,2
2020/1/29,海南,2
2020/1/29,海南,1
2020/1/29,吉林,1
2020/1/29,宁夏,1
2020/1/29,内蒙古,1
2020/1/29,陕西,3
2020/1/29,陕西,1
2020/1/29,陕西,1
2020/1/29,陕西,1
2020/1/29,陕西,2
2020/1/29,陕西,2
2020/1/29,辽宁,1
2020/1/29,云南,3
2020/1/29,云南,3
2020/1/29,云南,1
2020/1/29,北京,1
2020/1/29,北京,2
2020/1/29,北京,1
2020/1/29,北京,2
2020/1/29,北京,1
2020/1/29,北京,1
2020/1/29,北京,3
2020/1/29,天津,1
2020/1/29,天津,1
2020/1/29,天津,1
2020/1/29,辽宁,1
2020/1/29,山东,2
2020/1/29,山东,2
2020/1/29,山东,1
2020/1/29,山东,1
2020/1/29,山东,1
2020/1/29,山东,1
2020/1/29,山东,1
2020/1/29,上海,7
2020/1/29,上海,4
2020/1/29,上海,2
2020/1/29,上海,1
2020/1/29,上海,1
2020/1/29,上海,1
2020/1/29,福建,1
2020/1/29,福建,1
2020/1/29,云南,4
2020/1/29,香港,2
2020/1/29,辽宁,1
2020/1/29,北京,3
2020/1/29,北京,2
2020/1/29,北京,2
2020/1/29,北京,1
2020/1/29,北京,1
2020/1/29,黑龙江,1
2020/1/29,黑龙江,1
2020/1/30,江西,21
2020/1/30,江西,15
2020/1/30,江西,5
2020/1/30,江西,4
2020/1/30,江西,3
2020/1/30,江西,2
2020/1/30,江西,2
2020/1/30,江西,1
2020/1/30,山西,3
2020/1/30,山西,2
2020/1/30,山西,1
2020/1/30,山西,1
2020/1/30,山西,1
2020/1/30,湖北,356
2020/1/30,湖北,27
2020/1/30,湖北,31
2020/1/30,湖北,32
2020/1/30,湖北,54
2020/1/30,湖北,50
2020/1/30,湖北,49
2020/1/30,湖北,39
2020/1/30,湖北,125
2020/1/30,湖北,172
2020/1/30,湖北,18
2020/1/30,湖北,27
2020/1/30,湖北,15
2020/1/30,湖北,23
2020/1/30,湖北,10
2020/1/30,湖北,2
2020/1/30,湖北,2
2020/1/30,重庆,7
2020/1/30,重庆,1
2020/1/30,重庆,1
2020/1/30,重庆,1
2020/1/30,重庆,1
2020/1/30,重庆,1
2020/1/30,重庆,1
2020/1/30,重庆,1
2020/1/30,重庆,2
2020/1/30,重庆,1
2020/1/30,重庆,1
2020/1/30,西藏,1
2020/1/30,上海,1
2020/1/30,上海,1
2020/1/30,上海,1
2020/1/30,上海,1
2020/1/30,上海,1
2020/1/30,河北,5
2020/1/30,河北,4
2020/1/30,河北,2
2020/1/30,河北,2
2020/1/30,河北,1
2020/1/30,河北,1
2020/1/30,河北,1
2020/1/30,河北,1
2020/1/30,广西,8
2020/1/30,广西,2
2020/1/30,广西,2
2020/1/30,广西,4
2020/1/30,广西,2
2020/1/30,广西,1
2020/1/30,广西,1
2020/1/30,四川,13
2020/1/30,四川,1
2020/1/30,四川,1
2020/1/30,四川,1
2020/1/30,四川,1
2020/1/30,四川,4
2020/1/30,四川,1
2020/1/30,四川,3
2020/1/30,四川,2
2020/1/30,四川,2
2020/1/30,四川,2
2020/1/30,四川,2
2020/1/30,安徽,10
2020/1/30,安徽,5
2020/1/30,安徽,1
2020/1/30,安徽,5
2020/1/30,安徽,5
2020/1/30,安徽,4
2020/1/30,安徽,2
2020/1/30,安徽,3
2020/1/30,安徽,3
2020/1/30,安徽,2
2020/1/30,安徽,1
2020/1/30,安徽,1
2020/1/30,安徽,4
2020/1/30,安徽,2
2020/1/30,贵州,1
2020/1/30,贵州,1
2020/1/30,贵州,1
2020/1/30,山东,3
2020/1/30,山东,3
2020/1/30,山东,2
2020/1/30,山东,2
2020/1/30,山东,2
2020/1/30,山东,1
2020/1/30,山东,1
2020/1/30,山东,1
2020/1/30,河南,6
2020/1/30,河南,1
2020/1/30,河南,3
2020/1/30,河南,2
2020/1/30,河南,1
2020/1/30,河南,4
2020/1/30,河南,1
2020/1/30,河南,9
2020/1/30,河南,1
2020/1/30,河南,1
2020/1/30,河南,4
2020/1/30,河南,6
2020/1/30,河南,10
2020/1/30,河南,2
2020/1/30,河南,1
2020/1/30,河南,20
2020/1/30,江苏,5
2020/1/30,江苏,1
2020/1/30,江苏,7
2020/1/30,江苏,2
2020/1/30,江苏,4
2020/1/30,江苏,3
2020/1/30,江苏,3
2020/1/30,江苏,4
2020/1/30,江苏,1
2020/1/30,新疆,1
2020/1/30,吉林,2
2020/1/30,吉林,1
2020/1/30,吉林,2
2020/1/30,吉林,-2
2020/1/30,吉林,2
2020/1/30,湖南,11
2020/1/30,湖南,3
2020/1/30,湖南,5
2020/1/30,湖南,1
2020/1/30,湖南,10
2020/1/30,湖南,3
2020/1/30,湖南,4
2020/1/30,湖南,1
2020/1/30,湖南,3
2020/1/30,湖南,3
2020/1/30,湖南,3
2020/1/30,湖南,5
2020/1/30,湖南,3
2020/1/30,湖南,1
2020/1/30,浙江,18
2020/1/30,浙江,21
2020/1/30,浙江,58
2020/1/30,浙江,2
2020/1/30,浙江,7
2020/1/30,浙江,2
2020/1/30,浙江,24
2020/1/30,甘肃,1
2020/1/30,甘肃,1
2020/1/30,黑龙江,2
2020/1/30,黑龙江,2
2020/1/30,广东,23
2020/1/30,广东,16
2020/1/30,广东,7
2020/1/30,广东,6
2020/1/30,广东,5
2020/1/30,广东,4
2020/1/30,广东,4
2020/1/30,广东,1
2020/1/30,广东,1
2020/1/30,广东,1
2020/1/30,广东,2
2020/1/30,海南,2
2020/1/30,海南,1
2020/1/30,福建,6
2020/1/30,福建,1
2020/1/30,福建,5
2020/1/30,福建,1
2020/1/30,福建,3
2020/1/30,福建,1
2020/1/30,云南,6
2020/1/30,云南,1
2020/1/30,云南,1
2020/1/30,云南,2
2020/1/30,云南,2
2020/1/30,云南,1
2020/1/30,云南,2
2020/1/30,陕西,4
2020/1/30,陕西,1
2020/1/30,陕西,1
2020/1/30,陕西,1
2020/1/30,北京,1
2020/1/30,北京,1
2020/1/30,北京,1
2020/1/30,宁夏,2
2020/1/30,宁夏,2
2020/1/30,宁夏,1
2020/1/30,内蒙古,1
2020/1/30,内蒙古,1
2020/1/30,辽宁,1
2020/1/30,辽宁,1
2020/1/30,上海,3
2020/1/30,上海,4
2020/1/30,上海,2
2020/1/30,上海,1
2020/1/30,上海,1
2020/1/30,山东,4
2020/1/30,山东,3
2020/1/30,山东,2
2020/1/30,山东,2
2020/1/30,山东,1
2020/1/30,山东,1
2020/1/30,重庆,3
2020/1/30,重庆,2
2020/1/30,重庆,1
2020/1/30,重庆,2
2020/1/30,重庆,1
2020/1/30,重庆,1
2020/1/30,重庆,3
2020/1/30,重庆,1
2020/1/30,重庆,1
2020/1/30,重庆,2
2020/1/30,青海,2
2020/1/30,台湾,1
2020/1/30,辽宁,1
2020/1/31,北京,2
2020/1/31,北京,5
2020/1/31,湖北,378
2020/1/31,湖北,55
2020/1/31,湖北,31
2020/1/31,湖北,123
2020/1/31,湖北,50
2020/1/31,湖北,70
2020/1/31,湖北,36
2020/1/31,湖北,66
2020/1/31,湖北,142
2020/1/31,湖北,77
2020/1/31,湖北,36
2020/1/31,湖北,85
2020/1/31,湖北,9
2020/1/31,湖北,35
2020/1/31,湖北,23
2020/1/31,湖北,2
2020/1/31,湖北,2
2020/1/31,云南,2
2020/1/31,云南,2
2020/1/31,云南,1
2020/1/31,云南,1
2020/1/31,甘肃,2
2020/1/31,甘肃,2
2020/1/31,甘肃,-1
2020/1/31,山西,1
2020/1/31,山西,1
2020/1/31,山西,1
2020/1/31,山西,1
2020/1/31,重庆,4
2020/1/31,重庆,1
2020/1/31,重庆,3
2020/1/31,重庆,1
2020/1/31,重庆,2
2020/1/31,重庆,1
2020/1/31,重庆,2
2020/1/31,重庆,1
2020/1/31,重庆,2
2020/1/31,重庆,2
2020/1/31,重庆,1
2020/1/31,重庆,1
2020/1/31,重庆,2
2020/1/31,重庆,1
2020/1/31,上海,7
2020/1/31,上海,5
2020/1/31,上海,2
2020/1/31,上海,1
2020/1/31,上海,1
2020/1/31,香港,2
2020/1/31,辽宁,1
2020/1/31,辽宁,1
2020/1/31,辽宁,1
2020/1/31,广西,1
2020/1/31,广西,2
2020/1/31,广西,2
2020/1/31,广西,1
2020/1/31,广西,1
2020/1/31,广西,2
2020/1/31,河北,6
2020/1/31,河北,4
2020/1/31,河北,4
2020/1/31,河北,2
2020/1/31,河北,1
2020/1/31,四川,10
2020/1/31,四川,4
2020/1/31,四川,2
2020/1/31,四川,2
2020/1/31,四川,2
2020/1/31,四川,2
2020/1/31,四川,4
2020/1/31,四川,2
2020/1/31,四川,2
2020/1/31,四川,1
2020/1/31,四川,1
2020/1/31,四川,1
2020/1/31,四川,1
2020/1/31,四川,1
2020/1/31,安徽,11
2020/1/31,安徽,7
2020/1/31,安徽,10
2020/1/31,安徽,1
2020/1/31,安徽,4
2020/1/31,安徽,2
2020/1/31,安徽,2
2020/1/31,山东,5
2020/1/31,山东,5
2020/1/31,山东,4
2020/1/31,山东,2
2020/1/31,山东,2
2020/1/31,山东,1
2020/1/31,山东,1
2020/1/31,江苏,6
2020/1/31,江苏,2
2020/1/31,江苏,5
2020/1/31,江苏,3
2020/1/31,江苏,8
2020/1/31,江苏,1
2020/1/31,江苏,3
2020/1/31,江苏,3
2020/1/31,江苏,2
2020/1/31,江苏,3
2020/1/31,江苏,3
2020/1/31,江西,21
2020/1/31,江西,17
2020/1/31,江西,12
2020/1/31,江西,10
2020/1/31,江西,6
2020/1/31,江西,3
2020/1/31,江西,3
2020/1/31,江西,2
2020/1/31,江西,1
2020/1/31,江西,1
2020/1/31,江西,1
2020/1/31,河南,4
2020/1/31,河南,2
2020/1/31,河南,1
2020/1/31,河南,2
2020/1/31,河南,4
2020/1/31,河南,4
2020/1/31,河南,2
2020/1/31,河南,5
2020/1/31,河南,2
2020/1/31,河南,1
2020/1/31,河南,10
2020/1/31,河南,9
2020/1/31,河南,7
2020/1/31,河南,11
2020/1/31,河南,5
2020/1/31,河南,1
2020/1/31,河南,4
2020/1/31,贵州,3
2020/1/31,浙江,16
2020/1/31,浙江,5
2020/1/31,浙江,55
2020/1/31,浙江,1
2020/1/31,浙江,4
2020/1/31,浙江,7
2020/1/31,浙江,2
2020/1/31,浙江,1
2020/1/31,浙江,17
2020/1/31,浙江,1
2020/1/31,广东,27
2020/1/31,广东,24
2020/1/31,广东,8
2020/1/31,广东,7
2020/1/31,广东,2
2020/1/31,广东,9
2020/1/31,广东,2
2020/1/31,广东,2
2020/1/31,广东,1
2020/1/31,天津,1
2020/1/31,天津,1
2020/1/31,天津,1
2020/1/31,天津,1
2020/1/31,新疆,1
2020/1/31,新疆,1
2020/1/31,新疆,1
2020/1/31,黑龙江,5
2020/1/31,黑龙江,1
2020/1/31,黑龙江,2
2020/1/31,黑龙江,3
2020/1/31,黑龙江,1
2020/1/31,黑龙江,1
2020/1/31,黑龙江,2
2020/1/31,黑龙江,1
2020/1/31,湖南,11
2020/1/31,湖南,5
2020/1/31,湖南,1
2020/1/31,湖南,1
2020/1/31,湖南,7
2020/1/31,湖南,8
2020/1/31,湖南,7
2020/1/31,湖南,3
2020/1/31,湖南,2
2020/1/31,湖南,2
2020/1/31,湖南,3
2020/1/31,湖南,4
2020/1/31,湖南,1
2020/1/31,宁夏,1
2020/1/31,宁夏,2
2020/1/31,宁夏,1
2020/1/31,天津,1
2020/1/31,海南,1
2020/1/31,海南,1
2020/1/31,海南,1
2020/1/31,内蒙古,2
2020/1/31,陕西,10
2020/1/31,陕西,1
2020/1/31,陕西,1
2020/1/31,陕西,4
2020/1/31,陕西,5
2020/1/31,陕西,3
2020/1/31,福建,2
2020/1/31,福建,6
2020/1/31,福建,1
2020/1/31,福建,4
2020/1/31,福建,5
2020/1/31,福建,1
2020/1/31,云南,1
2020/1/31,云南,2
2020/1/31,云南,1
2020/1/31,北京,1
2020/1/31,北京,1
2020/1/31,北京,1
2020/1/31,北京,2
2020/1/31,北京,2
2020/1/31,北京,1
2020/1/31,北京,3
2020/1/31,辽宁,1
2020/1/31,辽宁,1
2020/1/31,辽宁,1
2020/1/31,上海,3
2020/1/31,上海,4
2020/1/31,海南,1
2020/1/31,海南,1
2020/1/31,山东,3
2020/1/31,山东,1
2020/1/31,山东,1
2020/1/31,山东,1
2020/1/31,重庆,1
2020/1/31,重庆,1
2020/1/31,重庆,1
2020/1/31,重庆,1
2020/1/31,重庆,1
2020/1/31,北京,3
2020/1/31,北京,2
2020/1/31,北京,1
2020/1/31,北京,1
2020/1/31,广东,6
2020/1/31,广东,8
2020/1/31,广东,1
2020/1/31,广东,3
2020/1/31,广东,1
2020/1/31,台湾,1
2020/1/31,海南,1
2020/1/31,辽宁,2
2020/1/31,辽宁,1
2020/1/31,辽宁,1
2020/1/31,辽宁,2
2020/1/31,辽宁,1
2020/1/31,辽宁,1
2020/1/31,辽宁,3
2020/1/31,辽宁,1
2020/2/1,湖北,576
2020/2/1,湖北,41
2020/2/1,湖北,27
2020/2/1,湖北,61
2020/2/1,湖北,109
2020/2/1,湖北,66
2020/2/1,湖北,24
2020/2/1,湖北,38
2020/2/1,湖北,87
2020/2/1,湖北,153
2020/2/1,湖北,40
2020/2/1,湖北,76
2020/2/1,湖北,12
2020/2/1,湖北,7
2020/2/1,湖北,15
2020/2/1,湖北,15
2020/2/1,山西,2
2020/2/1,山西,2
2020/2/1,山西,2
2020/2/1,山西,1
2020/2/1,山西,1
2020/2/1,甘肃,5
2020/2/1,甘肃,1
2020/2/1,重庆,4
2020/2/1,重庆,1
2020/2/1,重庆,4
2020/2/1,重庆,2
2020/2/1,重庆,1
2020/2/1,重庆,1
2020/2/1,重庆,1
2020/2/1,重庆,2
2020/2/1,重庆,2
2020/2/1,重庆,1
2020/2/1,重庆,1
2020/2/1,重庆,2
2020/2/1,重庆,2
2020/2/1,重庆,2
2020/2/1,重庆,1
2020/2/1,上海,6
2020/2/1,上海,1
2020/2/1,上海,2
2020/2/1,上海,1
2020/2/1,上海,1
2020/2/1,上海,2
2020/2/1,上海,3
2020/2/1,上海,2
2020/2/1,河北,3
2020/2/1,河北,3
2020/2/1,河北,2
2020/2/1,河北,2
2020/2/1,河北,1
2020/2/1,河北,1
2020/2/1,河北,1
2020/2/1,河北,1
2020/2/1,新疆,1
2020/2/1,广西,1
2020/2/1,广西,1
2020/2/1,广西,6
2020/2/1,广西,3
2020/2/1,广西,1
2020/2/1,广西,1
2020/2/1,贵州,3
2020/2/1,贵州,3
2020/2/1,贵州,4
2020/2/1,贵州,2
2020/2/1,贵州,1
2020/2/1,贵州,1
2020/2/1,四川,3
2020/2/1,四川,5
2020/2/1,四川,3
2020/2/1,四川,1
2020/2/1,四川,4
2020/2/1,四川,1
2020/2/1,四川,3
2020/2/1,四川,7
2020/2/1,四川,2
2020/2/1,四川,2
2020/2/1,江西,16
2020/2/1,江西,12
2020/2/1,江西,4
2020/2/1,江西,2
2020/2/1,江西,3
2020/2/1,江西,3
2020/2/1,江西,3
2020/2/1,江西,2
2020/2/1,江西,1
2020/2/1,山东,2
2020/2/1,山东,1
2020/2/1,山东,2
2020/2/1,山东,2
2020/2/1,山东,1
2020/2/1,山东,2
2020/2/1,山东,1
2020/2/1,山东,5
2020/2/1,山东,1
2020/2/1,山东,1
2020/2/1,江苏,3
2020/2/1,江苏,1
2020/2/1,江苏,3
2020/2/1,江苏,1
2020/2/1,江苏,2
2020/2/1,江苏,2
2020/2/1,江苏,4
2020/2/1,江苏,2
2020/2/1,江苏,5
2020/2/1,江苏,5
2020/2/1,江苏,5
2020/2/1,江苏,1
2020/2/1,河南,6
2020/2/1,河南,2
2020/2/1,河南,2
2020/2/1,河南,1
2020/2/1,河南,4
2020/2/1,河南,6
2020/2/1,河南,4
2020/2/1,河南,1
2020/2/1,河南,1
2020/2/1,河南,5
2020/2/1,河南,2
2020/2/1,河南,21
2020/2/1,河南,2
2020/2/1,河南,10
2020/2/1,河南,3
2020/2/1,安徽,9
2020/2/1,安徽,4
2020/2/1,安徽,5
2020/2/1,安徽,2
2020/2/1,安徽,1
2020/2/1,安徽,9
2020/2/1,安徽,2
2020/2/1,安徽,4
2020/2/1,安徽,8
2020/2/1,安徽,1
2020/2/1,安徽,2
2020/2/1,安徽,13
2020/2/1,吉林,3
2020/2/1,黑龙江,7
2020/2/1,黑龙江,2
2020/2/1,黑龙江,1
2020/2/1,黑龙江,1
2020/2/1,黑龙江,3
2020/2/1,黑龙江,2
2020/2/1,黑龙江,4
2020/2/1,黑龙江,1
2020/2/1,青海,1
2020/2/1,浙江,13
2020/2/1,浙江,9
2020/2/1,浙江,14
2020/2/1,浙江,2
2020/2/1,浙江,1
2020/2/1,浙江,7
2020/2/1,浙江,1
2020/2/1,浙江,14
2020/2/1,浙江,1
2020/2/1,广东,60
2020/2/1,广东,25
2020/2/1,广东,4
2020/2/1,广东,5
2020/2/1,广东,5
2020/2/1,广东,2
2020/2/1,广东,1
2020/2/1,广东,3
2020/2/1,广东,2
2020/2/1,广东,1
2020/2/1,海南,2
2020/2/1,海南,1
2020/2/1,海南,1
2020/2/1,海南,1
2020/2/1,宁夏,4
2020/2/1,宁夏,1
2020/2/1,湖南,18
2020/2/1,湖南,1
2020/2/1,湖南,3
2020/2/1,湖南,3
2020/2/1,湖南,5
2020/2/1,湖南,8
2020/2/1,湖南,2
2020/2/1,湖南,1
2020/2/1,湖南,4
2020/2/1,湖南,1
2020/2/1,湖南,2
2020/2/1,湖南,2
2020/2/1,湖南,6
2020/2/1,湖南,1
2020/2/1,天津,1
2020/2/1,天津,1
2020/2/1,陕西,7
2020/2/1,陕西,2
2020/2/1,陕西,2
2020/2/1,陕西,2
2020/2/1,陕西,1
2020/2/1,香港,1
2020/2/1,内蒙古,2
2020/2/1,内蒙古,1
2020/2/1,福建,7
2020/2/1,福建,4
2020/2/1,福建,3
2020/2/1,福建,2
2020/2/1,福建,3
2020/2/1,福建,5
2020/2/1,云南,6
2020/2/1,云南,1
2020/2/1,云南,1
2020/2/1,云南,2
2020/2/1,云南,1
2020/2/1,北京,1
2020/2/1,北京,3
2020/2/1,北京,1
2020/2/1,北京,1
2020/2/1,北京,8
2020/2/1,北京,1
2020/2/1,北京,2
2020/2/1,天津,1
2020/2/1,天津,2
2020/2/1,上海,5
2020/2/1,上海,5
2020/2/1,上海,3
2020/2/1,上海,2
2020/2/1,上海,1
2020/2/1,辽宁,2
2020/2/1,辽宁,1
2020/2/1,山东,1
2020/2/1,山东,1
2020/2/1,山东,1
2020/2/1,山东,1
2020/2/1,重庆,6
2020/2/1,重庆,1
2020/2/1,重庆,1
2020/2/1,重庆,1
2020/2/1,北京,4
2020/2/1,北京,1
2020/2/1,北京,4
2020/2/1,北京,1
2020/2/1,北京,2
2020/2/1,天津,1
2020/2/1,辽宁,1
2020/2/1,天津,3
2020/2/1,甘肃,3
2020/2/1,甘肃,1
2020/2/1,甘肃,1
2020/2/1,云南,1
2020/2/1,云南,1
2020/2/1,安徽,5
2020/2/2,湖北,894
2020/2/2,湖北,43
2020/2/2,湖北,35
2020/2/2,湖北,94
2020/2/2,湖北,77
2020/2/2,湖北,46
2020/2/2,湖北,78
2020/2/2,湖北,51
2020/2/2,湖北,121
2020/2/2,湖北,276
2020/2/2,湖北,40
2020/2/2,湖北,80
2020/2/2,湖北,18
2020/2/2,湖北,43
2020/2/2,湖北,17
2020/2/2,湖北,8
2020/2/2,重庆,2
2020/2/2,重庆,1
2020/2/2,重庆,2
2020/2/2,重庆,1
2020/2/2,重庆,1
2020/2/2,重庆,2
2020/2/2,重庆,3
2020/2/2,重庆,1
2020/2/2,重庆,2
2020/2/2,山西,2
2020/2/2,山西,2
2020/2/2,山西,2
2020/2/2,山西,2
2020/2/2,山西,1
2020/2/2,上海,1
2020/2/2,上海,4
2020/2/2,上海,1
2020/2/2,上海,1
2020/2/2,上海,1
2020/2/2,河北,3
2020/2/2,河北,2
2020/2/2,河北,1
2020/2/2,河北,1
2020/2/2,河北,1
2020/2/2,广西,2
2020/2/2,广西,1
2020/2/2,广西,4
2020/2/2,广西,2
2020/2/2,广西,2
2020/2/2,河南,9
2020/2/2,河南,3
2020/2/2,河南,2
2020/2/2,河南,5
2020/2/2,河南,3
2020/2/2,河南,2
2020/2/2,河南,1
2020/2/2,河南,2
2020/2/2,河南,9
2020/2/2,河南,7
2020/2/2,河南,18
2020/2/2,河南,2
2020/2/2,河南,6
2020/2/2,河南,1
2020/2/2,河南,1
2020/2/2,新疆,3
2020/2/2,四川,1
2020/2/2,四川,2
2020/2/2,四川,1
2020/2/2,四川,3
2020/2/2,四川,3
2020/2/2,四川,7
2020/2/2,四川,4
2020/2/2,四川,2
2020/2/2,四川,1
2020/2/2,贵州,2
2020/2/2,贵州,1
2020/2/2,贵州,2
2020/2/2,贵州,1
2020/2/2,贵州,2
2020/2/2,贵州,1
2020/2/2,江苏,7
2020/2/2,江苏,6
2020/2/2,江苏,7
2020/2/2,江苏,1
2020/2/2,江苏,4
2020/2/2,江苏,5
2020/2/2,江苏,1
2020/2/2,江苏,2
2020/2/2,江苏,1
2020/2/2,广东,38
2020/2/2,广东,26
2020/2/2,广东,6
2020/2/2,广东,3
2020/2/2,广东,3
2020/2/2,广东,3
2020/2/2,广东,1
2020/2/2,广东,1
2020/2/2,广东,1
2020/2/2,广东,1
2020/2/2,广东,1
2020/2/2,黑龙江,9
2020/2/2,黑龙江,1
2020/2/2,黑龙江,2
2020/2/2,黑龙江,1
2020/2/2,黑龙江,1
2020/2/2,黑龙江,1
2020/2/2,江西,12
2020/2/2,江西,6
2020/2/2,江西,6
2020/2/2,江西,6
2020/2/2,江西,4
2020/2/2,江西,4
2020/2/2,江西,3
2020/2/2,江西,3
2020/2/2,江西,2
2020/2/2,江西,1
2020/2/2,浙江,12
2020/2/2,浙江,11
2020/2/2,浙江,24
2020/2/2,浙江,1
2020/2/2,浙江,3
2020/2/2,浙江,5
2020/2/2,浙江,6
2020/2/2,安徽,2
2020/2/2,安徽,10
2020/2/2,安徽,12
2020/2/2,安徽,5
2020/2/2,安徽,1
2020/2/2,安徽,2
2020/2/2,安徽,6
2020/2/2,宁夏,1
2020/2/2,宁夏,1
2020/2/2,湖南,26
2020/2/2,湖南,4
2020/2/2,湖南,3
2020/2/2,湖南,3
2020/2/2,湖南,8
2020/2/2,湖南,8
2020/2/2,湖南,3
2020/2/2,湖南,1
2020/2/2,湖南,3
2020/2/2,湖南,5
2020/2/2,湖南,4
2020/2/2,湖南,3
2020/2/2,湖南,3
2020/2/2,吉林,6
2020/2/2,海南,2
2020/2/2,海南,1
2020/2/2,海南,2
2020/2/2,海南,1
2020/2/2,内蒙古,2
2020/2/2,内蒙古,1
2020/2/2,内蒙古,1
2020/2/2,香港,1
2020/2/2,北京,5
2020/2/2,北京,1
2020/2/2,北京,2
2020/2/2,北京,3
2020/2/2,北京,1
2020/2/2,陕西,8
2020/2/2,陕西,1
2020/2/2,陕西,1
2020/2/2,陕西,1
2020/2/2,陕西,2
2020/2/2,陕西,2
2020/2/2,福建,5
2020/2/2,福建,1
2020/2/2,福建,1
2020/2/2,福建,5
2020/2/2,福建,1
2020/2/2,福建,2
2020/2/2,澳门,1
2020/2/2,云南,4
2020/2/2,云南,1
2020/2/2,云南,1
2020/2/2,山东,1
2020/2/2,山东,1
2020/2/2,山东,2
2020/2/2,山东,2
2020/2/2,山东,1
2020/2/2,山东,3
2020/2/2,山东,3
2020/2/2,山东,1
2020/2/2,山东,1
2020/2/2,山东,2
2020/2/2,山东,1
2020/2/2,山东,1
2020/2/2,上海,3
2020/2/2,上海,2
2020/2/2,山东,2
2020/2/2,山东,1
2020/2/2,山东,1
2020/2/2,山东,1
2020/2/2,辽宁,1
2020/2/2,辽宁,1
2020/2/2,辽宁,1
2020/2/2,辽宁,1
2020/2/2,辽宁,1
2020/2/2,重庆,5
2020/2/2,重庆,1
2020/2/2,重庆,1
2020/2/2,重庆,1
2020/2/2,重庆,1
2020/2/2,重庆,1
2020/2/2,重庆,3
2020/2/2,北京,5
2020/2/2,北京,1
2020/2/2,北京,1
2020/2/2,北京,1
2020/2/2,云南,2
2020/2/2,云南,2
2020/2/2,云南,1
2020/2/2,云南,1
2020/2/2,辽宁,1
2020/2/3,甘肃,5
2020/2/3,甘肃,3
2020/2/3,甘肃,1
2020/2/3,甘肃,1
2020/2/3,甘肃,1
2020/2/3,重庆,5
2020/2/3,重庆,1
2020/2/3,重庆,3
2020/2/3,重庆,2
2020/2/3,重庆,2
2020/2/3,重庆,1
2020/2/3,重庆,1
2020/2/3,重庆,1
2020/2/3,重庆,3
2020/2/3,重庆,1
2020/2/3,重庆,1
2020/2/3,重庆,1
2020/2/3,重庆,1
2020/2/3,重庆,1
2020/2/3,重庆,1
2020/2/3,山西,3
2020/2/3,山西,3
2020/2/3,山西,2
2020/2/3,山西,1
2020/2/3,山西,1
2020/2/3,河北,4
2020/2/3,河北,3
2020/2/3,河北,1
2020/2/3,河北,1
2020/2/3,上海,4
2020/2/3,上海,2
2020/2/3,上海,2
2020/2/3,上海,1
2020/2/3,上海,2
2020/2/3,广西,6
2020/2/3,广西,2
2020/2/3,广西,1
2020/2/3,广西,3
2020/2/3,广西,1
2020/2/3,广西,1
2020/2/3,广西,1
2020/2/3,广西,1
2020/2/3,湖北,1033
2020/2/3,湖北,82
2020/2/3,湖北,44
2020/2/3,湖北,107
2020/2/3,湖北,39
2020/2/3,湖北,166
2020/2/3,湖北,16
2020/2/3,湖北,28
2020/2/3,湖北,169
2020/2/3,湖北,244
2020/2/3,湖北,50
2020/2/3,湖北,74
2020/2/3,湖北,6
2020/2/3,湖北,29
2020/2/3,湖北,16
2020/2/3,安徽,16
2020/2/3,安徽,2
2020/2/3,安徽,9
2020/2/3,安徽,7
2020/2/3,安徽,11
2020/2/3,安徽,6
2020/2/3,安徽,1
2020/2/3,安徽,2
2020/2/3,安徽,7
2020/2/3,安徽,1
2020/2/3,安徽,2
2020/2/3,安徽,4
2020/2/3,天津,3
2020/2/3,天津,2
2020/2/3,天津,1
2020/2/3,天津,1
2020/2/3,天津,1
2020/2/3,天津,4
2020/2/3,天津,1
2020/2/3,吉林,4
2020/2/3,吉林,3
2020/2/3,吉林,1
2020/2/3,四川,4
2020/2/3,四川,1
2020/2/3,四川,1
2020/2/3,四川,3
2020/2/3,四川,1
2020/2/3,四川,3
2020/2/3,四川,1
2020/2/3,四川,1
2020/2/3,四川,2
2020/2/3,四川,4
2020/2/3,四川,1
2020/2/3,四川,1
2020/2/3,河南,7
2020/2/3,河南,5
2020/2/3,河南,4
2020/2/3,河南,4
2020/2/3,河南,1
2020/2/3,河南,2
2020/2/3,河南,4
2020/2/3,河南,8
2020/2/3,河南,6
2020/2/3,河南,11
2020/2/3,河南,7
2020/2/3,河南,12
2020/2/3,河南,2
2020/2/3,贵州,1
2020/2/3,贵州,3
2020/2/3,贵州,1
2020/2/3,贵州,3
2020/2/3,新疆,2
2020/2/3,新疆,1
2020/2/3,江苏,5
2020/2/3,江苏,4
2020/2/3,江苏,6
2020/2/3,江苏,6
2020/2/3,江苏,2
2020/2/3,江苏,1
2020/2/3,江苏,5
2020/2/3,江苏,1
2020/2/3,江苏,4
2020/2/3,江苏,1
2020/2/3,山东,3
2020/2/3,山东,1
2020/2/3,山东,2
2020/2/3,山东,2
2020/2/3,山东,4
2020/2/3,山东,2
2020/2/3,山东,1
2020/2/3,山东,1
2020/2/3,江西,14
2020/2/3,江西,13
2020/2/3,江西,9
2020/2/3,江西,7
2020/2/3,江西,5
2020/2/3,江西,5
2020/2/3,江西,3
2020/2/3,江西,2
2020/2/3,江西,1
2020/2/3,广东,30
2020/2/3,广东,14
2020/2/3,广东,10
2020/2/3,广东,5
2020/2/3,广东,4
2020/2/3,广东,4
2020/2/3,广东,3
2020/2/3,广东,1
2020/2/3,广东,1
2020/2/3,广东,1
2020/2/3,广东,4
2020/2/3,广东,1
2020/2/3,广东,1
2020/2/3,黑龙江,11
2020/2/3,黑龙江,2
2020/2/3,黑龙江,3
2020/2/3,黑龙江,3
2020/2/3,黑龙江,1
2020/2/3,黑龙江,1
2020/2/3,黑龙江,2
2020/2/3,浙江,8
2020/2/3,浙江,9
2020/2/3,浙江,26
2020/2/3,浙江,3
2020/2/3,浙江,3
2020/2/3,浙江,2
2020/2/3,浙江,1
2020/2/3,浙江,9
2020/2/3,浙江,2
2020/2/3,湖南,13
2020/2/3,湖南,2
2020/2/3,湖南,1
2020/2/3,湖南,3
2020/2/3,湖南,2
2020/2/3,湖南,17
2020/2/3,湖南,3
2020/2/3,湖南,3
2020/2/3,湖南,3
2020/2/3,湖南,4
2020/2/3,湖南,1
2020/2/3,湖南,6
2020/2/3,海南,2
2020/2/3,海南,1
2020/2/3,海南,1
2020/2/3,海南,1
2020/2/3,海南,2
2020/2/3,宁夏,3
2020/2/3,陕西,8
2020/2/3,陕西,1
2020/2/3,陕西,1
2020/2/3,陕西,1
2020/2/3,陕西,1
2020/2/3,内蒙古,2
2020/2/3,内蒙古,1
2020/2/3,内蒙古,3
2020/2/3,内蒙古,1
2020/2/3,青海,3
2020/2/3,青海,1
2020/2/3,福建,3
2020/2/3,福建,1
2020/2/3,福建,1
2020/2/3,福建,2
2020/2/3,福建,7
2020/2/3,福建,3
2020/2/3,福建,3
2020/2/3,辽宁,1
2020/2/3,辽宁,2
2020/2/3,天津,1
2020/2/3,天津,1
2020/2/3,上海,3
2020/2/3,上海,2
2020/2/3,上海,2
2020/2/3,上海,1
2020/2/3,上海,1
2020/2/3,上海,1
2020/2/3,云南,1
2020/2/3,云南,1
2020/2/3,云南,1
2020/2/3,云南,1
2020/2/3,山东,1
2020/2/3,山东,1
2020/2/3,山东,4
2020/2/3,山东,1
2020/2/3,山东,2
2020/2/3,山东,1
2020/2/3,山东,1
2020/2/3,山东,1
2020/2/3,山东,1
2020/2/3,重庆,1
2020/2/3,重庆,1
2020/2/3,重庆,5
2020/2/3,重庆,1
2020/2/3,重庆,1
2020/2/3,重庆,1
2020/2/3,重庆,1
2020/2/3,重庆,1
2020/2/3,云南,1
2020/2/3,云南,1
2020/2/3,云南,1
2020/2/3,云南,1
2020/2/3,云南,1
2020/2/3,广东,19
2020/2/3,广东,11
2020/2/3,广东,4
2020/2/3,广东,3
2020/2/3,广东,2
2020/2/3,广东,1
2020/2/3,广东,1
2020/2/3,广东,1
2020/2/3,北京,4
2020/2/3,北京,1
2020/2/3,北京,1
2020/2/3,北京,1
2020/2/3,北京,2
2020/2/3,北京,1
2020/2/3,北京,6
2020/2/3,北京,2
2020/2/3,北京,1
2020/2/3,北京,8
2020/2/3,北京,-1
2020/2/3,北京,-2
2020/2/3,黑龙江,3
2020/2/3,海南,1
2020/2/3,香港,1
2020/2/3,辽宁,1
2020/2/3,天津,2
2020/2/3,天津,1
2020/2/3,天津,1
2020/2/3,海南,1
2020/2/3,甘肃,2
2020/2/3,甘肃,2
2020/2/4,湖北,1242
2020/2/4,湖北,71
2020/2/4,湖北,35
2020/2/4,湖北,84
2020/2/4,湖北,60
2020/2/4,湖北,114
2020/2/4,湖北,55
2020/2/4,湖北,26
2020/2/4,湖北,202
2020/2/4,湖北,176
2020/2/4,湖北,52
2020/2/4,湖北,183
2020/2/4,湖北,12
2020/2/4,湖北,19
2020/2/4,湖北,2
2020/2/4,湖北,9
2020/2/4,湖北,3
2020/2/4,山西,4
2020/2/4,山西,3
2020/2/4,山西,1
2020/2/4,重庆,6
2020/2/4,重庆,4
2020/2/4,重庆,1
2020/2/4,重庆,2
2020/2/4,重庆,1
2020/2/4,重庆,1
2020/2/4,重庆,2
2020/2/4,重庆,2
2020/2/4,重庆,1
2020/2/4,重庆,1
2020/2/4,重庆,2
2020/2/4,重庆,2
2020/2/4,云南,2
2020/2/4,云南,1
2020/2/4,上海,2
2020/2/4,上海,1
2020/2/4,上海,1
2020/2/4,上海,1
2020/2/4,河北,5
2020/2/4,河北,3
2020/2/4,河北,2
2020/2/4,河北,1
2020/2/4,河北,1
2020/2/4,河北,1
2020/2/4,吉林,3
2020/2/4,吉林,3
2020/2/4,吉林,2
2020/2/4,吉林,1
2020/2/4,吉林,1
2020/2/4,吉林,1
2020/2/4,广西,5
2020/2/4,广西,1
2020/2/4,广西,1
2020/2/4,广西,2
2020/2/4,广西,1
2020/2/4,广西,2
2020/2/4,黑龙江,18
2020/2/4,黑龙江,3
2020/2/4,黑龙江,5
2020/2/4,黑龙江,1
2020/2/4,黑龙江,1
2020/2/4,黑龙江,6
2020/2/4,安徽,6
2020/2/4,安徽,3
2020/2/4,安徽,9
2020/2/4,安徽,2
2020/2/4,安徽,6
2020/2/4,安徽,14
2020/2/4,安徽,1
2020/2/4,安徽,3
2020/2/4,安徽,10
2020/2/4,安徽,5
2020/2/4,安徽,8
2020/2/4,安徽,1
2020/2/4,安徽,4
2020/2/4,海南,2
2020/2/4,海南,1
2020/2/4,海南,1
2020/2/4,海南,1
2020/2/4,海南,2
2020/2/4,贵州,3
2020/2/4,贵州,1
2020/2/4,贵州,4
2020/2/4,贵州,1
2020/2/4,贵州,1
2020/2/4,河南,13
2020/2/4,河南,1
2020/2/4,河南,5
2020/2/4,河南,9
2020/2/4,河南,4
2020/2/4,河南,2
2020/2/4,河南,6
2020/2/4,河南,4
2020/2/4,河南,1
2020/2/4,河南,4
2020/2/4,河南,3
2020/2/4,河南,15
2020/2/4,河南,10
2020/2/4,河南,13
2020/2/4,河南,5
2020/2/4,河南,14
2020/2/4,江苏,4
2020/2/4,江苏,2
2020/2/4,江苏,3
2020/2/4,江苏,4
2020/2/4,江苏,8
2020/2/4,江苏,3
2020/2/4,江苏,3
2020/2/4,江苏,4
2020/2/4,江苏,1
2020/2/4,江苏,2
2020/2/4,江苏,2
2020/2/4,江苏,1
2020/2/4,山东,3
2020/2/4,山东,3
2020/2/4,山东,3
2020/2/4,山东,2
2020/2/4,四川,10
2020/2/4,四川,3
2020/2/4,四川,3
2020/2/4,四川,2
2020/2/4,四川,2
2020/2/4,四川,2
2020/2/4,四川,2
2020/2/4,四川,2
2020/2/4,四川,1
2020/2/4,四川,1
2020/2/4,新疆,1
2020/2/4,新疆,1
2020/2/4,新疆,2
2020/2/4,新疆,1
2020/2/4,浙江,14
2020/2/4,浙江,27
2020/2/4,浙江,49
2020/2/4,浙江,4
2020/2/4,浙江,4
2020/2/4,浙江,1
2020/2/4,浙江,6
2020/2/4,江西,18
2020/2/4,江西,18
2020/2/4,江西,14
2020/2/4,江西,9
2020/2/4,江西,9
2020/2/4,江西,7
2020/2/4,江西,5
2020/2/4,江西,2
2020/2/4,江西,2
2020/2/4,江西,1
2020/2/4,广东,24
2020/2/4,广东,16
2020/2/4,广东,9
2020/2/4,广东,6
2020/2/4,广东,6
2020/2/4,广东,1
2020/2/4,广东,2
2020/2/4,广东,1
2020/2/4,广东,1
2020/2/4,广东,2
2020/2/4,广东,1
2020/2/4,广东,1
2020/2/4,广东,1
2020/2/4,广东,1
2020/2/4,湖南,23
2020/2/4,湖南,3
2020/2/4,湖南,8
2020/2/4,湖南,2
2020/2/4,湖南,4
2020/2/4,湖南,13
2020/2/4,湖南,5
2020/2/4,湖南,5
2020/2/4,湖南,1
2020/2/4,湖南,3
2020/2/4,湖南,5
2020/2/4,澳门,1
2020/2/4,宁夏,1
2020/2/4,宁夏,1
2020/2/4,宁夏,1
2020/2/4,陕西,5
2020/2/4,陕西,2
2020/2/4,陕西,2
2020/2/4,陕西,1
2020/2/4,陕西,3
2020/2/4,陕西,1
2020/2/4,青海,2
2020/2/4,内蒙古,1
2020/2/4,天津,1
2020/2/4,天津,1
2020/2/4,天津,1
2020/2/4,天津,2
2020/2/4,天津,1
2020/2/4,福建,6
2020/2/4,福建,1
2020/2/4,福建,4
2020/2/4,福建,3
2020/2/4,福建,1
2020/2/4,澳门,1
2020/2/4,上海,2
2020/2/4,上海,3
2020/2/4,上海,1
2020/2/4,上海,1
2020/2/4,上海,1
2020/2/4,上海,1
2020/2/4,上海,1
2020/2/4,上海,1
2020/2/4,云南,1
2020/2/4,云南,1
2020/2/4,山东,3
2020/2/4,山东,1
2020/2/4,山东,1
2020/2/4,辽宁,1
2020/2/4,辽宁,2
2020/2/4,重庆,4
2020/2/4,重庆,1
2020/2/4,重庆,1
2020/2/4,重庆,1
2020/2/4,北京,2
2020/2/4,北京,1
2020/2/4,北京,5
2020/2/4,北京,1
2020/2/4,北京,1
2020/2/4,北京,1
2020/2/4,北京,1
2020/2/4,北京,1
2020/2/4,北京,3
2020/2/4,香港,2
2020/2/4,贵州,1
2020/2/4,贵州,1
2020/2/4,天津,1
2020/2/4,辽宁,3
2020/2/4,辽宁,1
2020/2/4,台湾,1
2020/2/4,甘肃,2
2020/2/5,重庆,5
2020/2/5,重庆,1
2020/2/5,重庆,3
2020/2/5,重庆,4
2020/2/5,重庆,1
2020/2/5,重庆,2
2020/2/5,重庆,2
2020/2/5,重庆,2
2020/2/5,重庆,1
2020/2/5,重庆,1
2020/2/5,湖北,1967
2020/2/5,湖北,104
2020/2/5,湖北,27
2020/2/5,湖北,103
2020/2/5,湖北,44
2020/2/5,湖北,100
2020/2/5,湖北,22
2020/2/5,湖北,50
2020/2/5,湖北,342
2020/2/5,湖北,223
2020/2/5,湖北,36
2020/2/5,湖北,65
2020/2/5,湖北,15
2020/2/5,湖北,37
2020/2/5,湖北,11
2020/2/5,湖北,10
2020/2/5,广西,1
2020/2/5,广西,2
2020/2/5,广西,2
2020/2/5,广西,2
2020/2/5,广西,2
2020/2/5,广西,1
2020/2/5,广西,1
2020/2/5,河北,4
2020/2/5,河北,1
2020/2/5,河北,1
2020/2/5,河北,1
2020/2/5,河北,1
2020/2/5,河北,1
2020/2/5,上海,3
2020/2/5,上海,2
2020/2/5,上海,2
2020/2/5,上海,1
2020/2/5,上海,1
2020/2/5,上海,1
2020/2/5,上海,1
2020/2/5,上海,1
2020/2/5,上海,1
2020/2/5,上海,1
2020/2/5,河南,7
2020/2/5,河南,5
2020/2/5,河南,5
2020/2/5,河南,6
2020/2/5,河南,2
2020/2/5,河南,6
2020/2/5,河南,3
2020/2/5,河南,5
2020/2/5,河南,1
2020/2/5,河南,8
2020/2/5,河南,1
2020/2/5,河南,26
2020/2/5,河南,4
2020/2/5,河南,10
2020/2/5,四川,5
2020/2/5,四川,4
2020/2/5,四川,3
2020/2/5,四川,2
2020/2/5,四川,1
2020/2/5,四川,1
2020/2/5,四川,1
2020/2/5,四川,1
2020/2/5,四川,1
2020/2/5,黑龙江,10
2020/2/5,黑龙江,14
2020/2/5,黑龙江,1
2020/2/5,黑龙江,3
2020/2/5,黑龙江,4
2020/2/5,黑龙江,2
2020/2/5,黑龙江,1
2020/2/5,贵州,2
2020/2/5,贵州,1
2020/2/5,贵州,2
2020/2/5,贵州,1
2020/2/5,安徽,12
2020/2/5,安徽,3
2020/2/5,安徽,10
2020/2/5,安徽,1
2020/2/5,安徽,5
2020/2/5,安徽,5
2020/2/5,安徽,4
2020/2/5,安徽,4
2020/2/5,安徽,2
2020/2/5,安徽,2
2020/2/5,安徽,1
2020/2/5,安徽,1
2020/2/5,江苏,3
2020/2/5,江苏,1
2020/2/5,江苏,6
2020/2/5,江苏,5
2020/2/5,江苏,3
2020/2/5,江苏,3
2020/2/5,江苏,3
2020/2/5,江苏,4
2020/2/5,江苏,1
2020/2/5,江苏,3
2020/2/5,江苏,1
2020/2/5,浙江,9
2020/2/5,浙江,18
2020/2/5,浙江,24
2020/2/5,浙江,4
2020/2/5,浙江,4
2020/2/5,浙江,7
2020/2/5,湖南,16
2020/2/5,湖南,4
2020/2/5,湖南,4
2020/2/5,湖南,2
2020/2/5,湖南,13
2020/2/5,湖南,6
2020/2/5,湖南,6
2020/2/5,湖南,5
2020/2/5,湖南,2
2020/2/5,湖南,4
2020/2/5,湖南,5
2020/2/5,湖南,1
2020/2/5,江西,19
2020/2/5,江西,13
2020/2/5,江西,10
2020/2/5,江西,10
2020/2/5,江西,8
2020/2/5,江西,6
2020/2/5,江西,3
2020/2/5,江西,2
2020/2/5,江西,1
2020/2/5,青海,2
2020/2/5,山西,3
2020/2/5,山西,2
2020/2/5,山西,1
2020/2/5,山西,1
2020/2/5,云南,1
2020/2/5,云南,1
2020/2/5,云南,1
2020/2/5,吉林,10
2020/2/5,吉林,1
2020/2/5,吉林,1
2020/2/5,内蒙古,2
2020/2/5,内蒙古,1
2020/2/5,内蒙古,1
2020/2/5,内蒙古,1
2020/2/5,内蒙古,1
2020/2/5,内蒙古,1
2020/2/5,广东,21
2020/2/5,广东,20
2020/2/5,广东,7
2020/2/5,广东,5
2020/2/5,广东,4
2020/2/5,广东,3
2020/2/5,广东,3
2020/2/5,广东,2
2020/2/5,广东,2
2020/2/5,广东,2
2020/2/5,广东,1
2020/2/5,广东,1
2020/2/5,广东,1
2020/2/5,广东,1
2020/2/5,新疆,2
2020/2/5,新疆,1
2020/2/5,海南,2
2020/2/5,海南,4
2020/2/5,海南,1
2020/2/5,海南,2
2020/2/5,海南,1
2020/2/5,海南,1
2020/2/5,海南,-1
2020/2/5,山东,4
2020/2/5,山东,2
2020/2/5,山东,1
2020/2/5,山东,2
2020/2/5,山东,2
2020/2/5,山东,2
2020/2/5,山东,2
2020/2/5,山东,2
2020/2/5,山东,2
2020/2/5,山东,2
2020/2/5,山东,2
2020/2/5,陕西,10
2020/2/5,陕西,4
2020/2/5,陕西,3
2020/2/5,陕西,3
2020/2/5,陕西,2
2020/2/5,陕西,1
2020/2/5,香港,1
2020/2/5,天津,2
2020/2/5,海南,2
2020/2/5,福建,2
2020/2/5,福建,1
2020/2/5,福建,2
2020/2/5,福建,2
2020/2/5,福建,1
2020/2/5,福建,1
2020/2/5,福建,2
2020/2/5,北京,4
2020/2/5,北京,1
2020/2/5,北京,7
2020/2/5,北京,2
2020/2/5,北京,1
2020/2/5,北京,6
2020/2/5,北京,1
2020/2/5,北京,1
2020/2/5,北京,1
2020/2/5,北京,1
2020/2/5,上海,2
2020/2/5,上海,2
2020/2/5,上海,1
2020/2/5,上海,1
2020/2/5,上海,1
2020/2/5,上海,1
2020/2/5,上海,1
2020/2/5,上海,1
2020/2/5,山东,1
2020/2/5,山东,1
2020/2/5,山东,2
2020/2/5,山东,5
2020/2/5,云南,1
2020/2/5,云南,1
2020/2/5,重庆,2
2020/2/5,重庆,1
2020/2/5,重庆,2
2020/2/5,重庆,2
2020/2/5,重庆,1
2020/2/5,重庆,2
2020/2/5,辽宁,4
2020/2/5,辽宁,1
2020/2/5,辽宁,1
2020/2/5,辽宁,1
2020/2/5,香港,3
2020/2/5,辽宁,1
2020/2/5,海南,8
2020/2/5,甘肃,2
2020/2/5,甘肃,1
2020/2/5,甘肃,1
2020/2/5,甘肃,1
2020/2/6,重庆,1
2020/2/6,重庆,1
2020/2/6,重庆,2
2020/2/6,重庆,1
2020/2/6,重庆,3
2020/2/6,重庆,3
2020/2/6,重庆,1
2020/2/6,重庆,1
2020/2/6,湖北,1766
2020/2/6,湖北,424
2020/2/6,湖北,162
2020/2/6,湖北,128
2020/2/6,湖北,88
2020/2/6,湖北,86
2020/2/6,湖北,67
2020/2/6,湖北,57
2020/2/6,湖北,52
2020/2/6,湖北,41
2020/2/6,湖北,40
2020/2/6,湖北,35
2020/2/6,湖北,15
2020/2/6,湖北,10
2020/2/6,湖北,10
2020/2/6,湖北,6
2020/2/6,云南,2
2020/2/6,云南,1
2020/2/6,云南,1
2020/2/6,山西,5
2020/2/6,山西,2
2020/2/6,山西,1
2020/2/6,山西,1
2020/2/6,上海,3
2020/2/6,上海,2
2020/2/6,上海,1
2020/2/6,上海,1
2020/2/6,上海,1
2020/2/6,上海,1
2020/2/6,上海,2
2020/2/6,河北,5
2020/2/6,河北,4
2020/2/6,河北,3
2020/2/6,河北,3
2020/2/6,河北,2
2020/2/6,河北,2
2020/2/6,河北,1
2020/2/6,河北,1
2020/2/6,河北,1
2020/2/6,广西,2
2020/2/6,广西,3
2020/2/6,广西,1
2020/2/6,广西,2
2020/2/6,广西,2
2020/2/6,广西,3
2020/2/6,广西,2
2020/2/6,广西,2
2020/2/6,广西,1
2020/2/6,吉林,2
2020/2/6,吉林,1
2020/2/6,吉林,1
2020/2/6,吉林,1
2020/2/6,贵州,3
2020/2/6,贵州,2
2020/2/6,河南,10
2020/2/6,河南,1
2020/2/6,河南,4
2020/2/6,河南,7
2020/2/6,河南,2
2020/2/6,河南,2
2020/2/6,河南,2
2020/2/6,河南,1
2020/2/6,河南,2
2020/2/6,河南,2
2020/2/6,河南,4
2020/2/6,河南,4
2020/2/6,河南,26
2020/2/6,河南,3
2020/2/6,河南,16
2020/2/6,河南,1
2020/2/6,安徽,11
2020/2/6,安徽,3
2020/2/6,安徽,8
2020/2/6,安徽,1
2020/2/6,安徽,16
2020/2/6,安徽,11
2020/2/6,安徽,2
2020/2/6,安徽,3
2020/2/6,安徽,1
2020/2/6,安徽,1
2020/2/6,安徽,4
2020/2/6,黑龙江,9
2020/2/6,黑龙江,6
2020/2/6,黑龙江,1
2020/2/6,黑龙江,1
2020/2/6,黑龙江,2
2020/2/6,黑龙江,9
2020/2/6,黑龙江,4
2020/2/6,黑龙江,5
2020/2/6,山东,4
2020/2/6,山东,6
2020/2/6,山东,2
2020/2/6,山东,5
2020/2/6,山东,7
2020/2/6,山东,4
2020/2/6,山东,1
2020/2/6,山东,2
2020/2/6,山东,2
2020/2/6,山东,3
2020/2/6,江苏,5
2020/2/6,江苏,2
2020/2/6,江苏,3
2020/2/6,江苏,5
2020/2/6,江苏,2
2020/2/6,江苏,2
2020/2/6,江苏,8
2020/2/6,江苏,1
2020/2/6,江苏,2
2020/2/6,江苏,2
2020/2/6,湖南,15
2020/2/6,湖南,4
2020/2/6,湖南,3
2020/2/6,湖南,1
2020/2/6,湖南,6
2020/2/6,湖南,4
2020/2/6,湖南,6
2020/2/6,湖南,1
2020/2/6,湖南,1
2020/2/6,湖南,2
2020/2/6,湖南,1
2020/2/6,湖南,6
2020/2/6,四川,5
2020/2/6,四川,4
2020/2/6,四川,3
2020/2/6,四川,2
2020/2/6,四川,2
2020/2/6,四川,1
2020/2/6,四川,1
2020/2/6,四川,1
2020/2/6,四川,1
2020/2/6,新疆,1
2020/2/6,新疆,3
2020/2/6,浙江,10
2020/2/6,浙江,6
2020/2/6,浙江,32
2020/2/6,浙江,3
2020/2/6,浙江,3
2020/2/6,浙江,3
2020/2/6,浙江,2
2020/2/6,江西,15
2020/2/6,江西,9
2020/2/6,江西,9
2020/2/6,江西,6
2020/2/6,江西,6
2020/2/6,江西,4
2020/2/6,江西,2
2020/2/6,江西,1
2020/2/6,广东,25
2020/2/6,广东,18
2020/2/6,广东,9
2020/2/6,广东,4
2020/2/6,广东,4
2020/2/6,广东,3
2020/2/6,广东,2
2020/2/6,广东,2
2020/2/6,广东,2
2020/2/6,广东,1
2020/2/6,广东,1
2020/2/6,广东,1
2020/2/6,广东,1
2020/2/6,广东,1
2020/2/6,宁夏,5
2020/2/6,宁夏,1
2020/2/6,青海,1
2020/2/6,陕西,4
2020/2/6,陕西,1
2020/2/6,陕西,2
2020/2/6,陕西,1
2020/2/6,内蒙古,2
2020/2/6,内蒙古,2
2020/2/6,海南,1
2020/2/6,北京,1
2020/2/6,北京,5
2020/2/6,北京,5
2020/2/6,北京,2
2020/2/6,北京,4
2020/2/6,北京,3
2020/2/6,北京,1
2020/2/6,福建,1
2020/2/6,福建,1
2020/2/6,福建,2
2020/2/6,福建,4
2020/2/6,福建,2
2020/2/6,天津,1
2020/2/6,天津,1
2020/2/6,天津,1
2020/2/6,天津,1
2020/2/6,天津,1
2020/2/6,天津,1
2020/2/6,天津,1
2020/2/6,天津,1
2020/2/6,天津,1
2020/2/6,上海,1
2020/2/6,上海,1
2020/2/6,上海,1
2020/2/6,山东,1
2020/2/6,山东,1
2020/2/6,山东,1
2020/2/6,山东,1
2020/2/6,重庆,2
2020/2/6,重庆,1
2020/2/6,重庆,4
2020/2/6,重庆,1
2020/2/6,重庆,1
2020/2/6,重庆,1
2020/2/6,重庆,1
2020/2/6,台湾,2
2020/2/6,云南,3
2020/2/6,云南,2
2020/2/6,贵州,2
2020/2/6,辽宁,2
2020/2/6,海南,2
2020/2/6,海南,2
2020/2/6,海南,2
2020/2/6,辽宁,3
2020/2/6,台湾,3
2020/2/6,海南,2
2020/2/7,湖北,1501
2020/2/7,湖北,255
2020/2/7,湖北,90
2020/2/7,湖北,84
2020/2/7,湖北,81
2020/2/7,湖北,69
2020/2/7,湖北,51
2020/2/7,湖北,48
2020/2/7,湖北,47
2020/2/7,湖北,45
2020/2/7,湖北,44
2020/2/7,湖北,42
2020/2/7,湖北,42
2020/2/7,湖北,25
2020/2/7,湖北,13
2020/2/7,湖北,10
2020/2/7,重庆,3
2020/2/7,重庆,1
2020/2/7,重庆,1
2020/2/7,重庆,1
2020/2/7,重庆,1
2020/2/7,重庆,3
2020/2/7,重庆,1
2020/2/7,香港,3
2020/2/7,天津,1
2020/2/7,云南,1
2020/2/7,云南,1
2020/2/7,山西,2
2020/2/7,山西,1
2020/2/7,山西,1
2020/2/7,山西,1
2020/2/7,山西,1
2020/2/7,甘肃,2
2020/2/7,甘肃,2
2020/2/7,甘肃,1
2020/2/7,上海,3
2020/2/7,上海,3
2020/2/7,上海,1
2020/2/7,上海,1
2020/2/7,上海,1
2020/2/7,上海,1
2020/2/7,上海,1
2020/2/7,上海,1
2020/2/7,河北,4
2020/2/7,河北,2
2020/2/7,河北,2
2020/2/7,河北,2
2020/2/7,河北,1
2020/2/7,河北,1
2020/2/7,河北,1
2020/2/7,河北,1
2020/2/7,广西,1
2020/2/7,广西,1
2020/2/7,广西,1
2020/2/7,广西,1
2020/2/7,山东,5
2020/2/7,山东,2
2020/2/7,山东,1
2020/2/7,山东,2
2020/2/7,山东,1
2020/2/7,山东,6
2020/2/7,山东,3
2020/2/7,山东,2
2020/2/7,山东,1
2020/2/7,山东,3
2020/2/7,山东,1
2020/2/7,山东,5
2020/2/7,四川,5
2020/2/7,四川,5
2020/2/7,四川,3
2020/2/7,四川,3
2020/2/7,四川,1
2020/2/7,四川,1
2020/2/7,四川,1
2020/2/7,四川,1
2020/2/7,四川,1
2020/2/7,四川,1
2020/2/7,四川,1
2020/2/7,河南,10
2020/2/7,河南,2
2020/2/7,河南,3
2020/2/7,河南,5
2020/2/7,河南,3
2020/2/7,河南,1
2020/2/7,河南,1
2020/2/7,河南,2
2020/2/7,河南,7
2020/2/7,河南,7
2020/2/7,河南,12
2020/2/7,河南,1
2020/2/7,河南,8
2020/2/7,河南,1
2020/2/7,黑龙江,12
2020/2/7,黑龙江,1
2020/2/7,黑龙江,8
2020/2/7,黑龙江,16
2020/2/7,黑龙江,1
2020/2/7,黑龙江,1
2020/2/7,黑龙江,1
2020/2/7,黑龙江,10
2020/2/7,安徽,11
2020/2/7,安徽,5
2020/2/7,安徽,6
2020/2/7,安徽,2
2020/2/7,安徽,24
2020/2/7,安徽,10
2020/2/7,安徽,2
2020/2/7,安徽,5
2020/2/7,安徽,1
2020/2/7,安徽,2
2020/2/7,安徽,6
2020/2/7,吉林,3
2020/2/7,吉林,1
2020/2/7,吉林,1
2020/2/7,吉林,1
2020/2/7,江苏,5
2020/2/7,江苏,3
2020/2/7,江苏,4
2020/2/7,江苏,2
2020/2/7,江苏,9
2020/2/7,江苏,2
2020/2/7,江苏,2
2020/2/7,江苏,3
2020/2/7,江苏,2
2020/2/7,江苏,1
2020/2/7,江苏,1
2020/2/7,江苏,1
2020/2/7,贵州,1
2020/2/7,贵州,1
2020/2/7,贵州,1
2020/2/7,贵州,3
2020/2/7,宁夏,2
2020/2/7,宁夏,1
2020/2/7,江西,13
2020/2/7,江西,10
2020/2/7,江西,9
2020/2/7,江西,8
2020/2/7,江西,8
2020/2/7,江西,7
2020/2/7,江西,3
2020/2/7,江西,1
2020/2/7,江西,1
2020/2/7,江西,1
2020/2/7,浙江,5
2020/2/7,浙江,10
2020/2/7,浙江,25
2020/2/7,浙江,5
2020/2/7,浙江,1
2020/2/7,浙江,1
2020/2/7,浙江,5
2020/2/7,湖南,11
2020/2/7,湖南,5
2020/2/7,湖南,1
2020/2/7,湖南,9
2020/2/7,湖南,14
2020/2/7,湖南,2
2020/2/7,湖南,2
2020/2/7,湖南,2
2020/2/7,湖南,4
2020/2/7,湖南,6
2020/2/7,湖南,2
2020/2/7,湖南,2
2020/2/7,湖南,1
2020/2/7,新疆,3
2020/2/7,广东,29
2020/2/7,广东,20
2020/2/7,广东,7
2020/2/7,广东,6
2020/2/7,广东,4
2020/2/7,广东,2
2020/2/7,广东,2
2020/2/7,广东,2
2020/2/7,广东,1
2020/2/7,广东,1
2020/2/7,海南,1
2020/2/7,海南,1
2020/2/7,海南,1
2020/2/7,内蒙古,2
2020/2/7,内蒙古,1
2020/2/7,内蒙古,1
2020/2/7,天津,2
2020/2/7,陕西,6
2020/2/7,陕西,2
2020/2/7,陕西,1
2020/2/7,陕西,1
2020/2/7,陕西,1
2020/2/7,北京,2
2020/2/7,北京,3
2020/2/7,北京,2
2020/2/7,北京,2
2020/2/7,北京,2
2020/2/7,北京,1
2020/2/7,北京,2
2020/2/7,北京,2
2020/2/7,北京,2
2020/2/7,北京,2
2020/2/7,北京,3
2020/2/7,福建,1
2020/2/7,福建,2
2020/2/7,福建,1
2020/2/7,福建,1
2020/2/7,福建,2
2020/2/7,福建,2
2020/2/7,上海,1
2020/2/7,上海,3
2020/2/7,上海,2
2020/2/7,上海,1
2020/2/7,上海,1
2020/2/7,辽宁,1
2020/2/7,重庆,1
2020/2/7,重庆,1
2020/2/7,重庆,1
2020/2/7,重庆,1
2020/2/7,山东,2
2020/2/7,山东,1
2020/2/7,山东,3
2020/2/7,山东,1
2020/2/7,广东,5
2020/2/7,广东,3
2020/2/7,广东,3
2020/2/7,广东,2
2020/2/7,广东,1
2020/2/7,广东,1
2020/2/7,广东,1
2020/2/7,云南,1
2020/2/7,香港,1
2020/2/7,贵州,4
2020/2/7,海南,2
2020/2/7,海南,1
2020/2/7,海南,1
2020/2/7,辽宁,1
2020/2/7,海南,2
2020/2/7,广东,1
2020/2/7,辽宁,1
2020/2/7,辽宁,2
2020/2/7,甘肃,3
2020/2/7,甘肃,1
2020/2/8,湖北,1985
2020/2/8,湖北,172
2020/2/8,湖北,144
2020/2/8,湖北,98
2020/2/8,湖北,69
2020/2/8,湖北,68
2020/2/8,湖北,56
2020/2/8,湖北,52
2020/2/8,湖北,43
2020/2/8,湖北,38
2020/2/8,湖北,35
2020/2/8,湖北,33
2020/2/8,湖北,23
2020/2/8,湖北,16
2020/2/8,湖北,6
2020/2/8,湖北,3
2020/2/8,山西,3
2020/2/8,山西,1
2020/2/8,山西,1
2020/2/8,山西,3
2020/2/8,云南,1
2020/2/8,云南,1
2020/2/8,重庆,4
2020/2/8,重庆,1
2020/2/8,重庆,1
2020/2/8,重庆,1
2020/2/8,重庆,1
2020/2/8,重庆,1
2020/2/8,重庆,2
2020/2/8,上海,1
2020/2/8,上海,1
2020/2/8,上海,1
2020/2/8,上海,1
2020/2/8,河北,5
2020/2/8,河北,5
2020/2/8,河北,4
2020/2/8,河北,4
2020/2/8,河北,2
2020/2/8,河北,2
2020/2/8,河北,1
2020/2/8,河北,1
2020/2/8,吉林,1
2020/2/8,吉林,1
2020/2/8,吉林,2
2020/2/8,广西,1
2020/2/8,广西,1
2020/2/8,广西,1
2020/2/8,广西,1
2020/2/8,广西,1
2020/2/8,广西,1
2020/2/8,广西,4
2020/2/8,广西,1
2020/2/8,山东,1
2020/2/8,山东,2
2020/2/8,山东,2
2020/2/8,山东,3
2020/2/8,山东,1
2020/2/8,山东,3
2020/2/8,山东,1
2020/2/8,山东,7
2020/2/8,山东,1
2020/2/8,黑龙江,6
2020/2/8,黑龙江,5
2020/2/8,黑龙江,2
2020/2/8,黑龙江,2
2020/2/8,黑龙江,1
2020/2/8,黑龙江,1
2020/2/8,黑龙江,1
2020/2/8,安徽,13
2020/2/8,安徽,9
2020/2/8,安徽,1
2020/2/8,安徽,11
2020/2/8,安徽,8
2020/2/8,安徽,7
2020/2/8,安徽,10
2020/2/8,安徽,1
2020/2/8,安徽,2
2020/2/8,安徽,1
2020/2/8,安徽,5
2020/2/8,四川,7
2020/2/8,四川,2
2020/2/8,四川,2
2020/2/8,四川,1
2020/2/8,四川,1
2020/2/8,四川,1
2020/2/8,四川,1
2020/2/8,四川,1
2020/2/8,四川,1
2020/2/8,四川,1
2020/2/8,四川,1
2020/2/8,江苏,8
2020/2/8,江苏,3
2020/2/8,江苏,3
2020/2/8,江苏,2
2020/2/8,江苏,3
2020/2/8,江苏,2
2020/2/8,江苏,3
2020/2/8,江苏,3
2020/2/8,江苏,1
2020/2/8,江苏,2
2020/2/8,江苏,1
2020/2/8,河南,16
2020/2/8,河南,10
2020/2/8,河南,8
2020/2/8,河南,7
2020/2/8,河南,4
2020/2/8,河南,3
2020/2/8,河南,3
2020/2/8,河南,2
2020/2/8,河南,2
2020/2/8,河南,2
2020/2/8,河南,2
2020/2/8,河南,2
2020/2/8,河南,2
2020/2/8,河南,2
2020/2/8,河南,1
2020/2/8,河南,1
2020/2/8,湖南,6
2020/2/8,湖南,2
2020/2/8,湖南,3
2020/2/8,湖南,3
2020/2/8,湖南,4
2020/2/8,湖南,2
2020/2/8,湖南,1
2020/2/8,湖南,2
2020/2/8,湖南,2
2020/2/8,湖南,6
2020/2/8,浙江,6
2020/2/8,浙江,5
2020/2/8,浙江,17
2020/2/8,浙江,1
2020/2/8,浙江,2
2020/2/8,浙江,2
2020/2/8,浙江,4
2020/2/8,浙江,4
2020/2/8,浙江,1
2020/2/8,江西,8
2020/2/8,江西,6
2020/2/8,江西,6
2020/2/8,江西,5
2020/2/8,江西,5
2020/2/8,江西,3
2020/2/8,江西,2
2020/2/8,江西,1
2020/2/8,江西,1
2020/2/8,广东,12
2020/2/8,广东,12
2020/2/8,广东,6
2020/2/8,广东,3
2020/2/8,广东,1
2020/2/8,广东,3
2020/2/8,广东,2
2020/2/8,广东,1
2020/2/8,海南,2
2020/2/8,海南,3
2020/2/8,海南,1
2020/2/8,宁夏,2
2020/2/8,贵州,3
2020/2/8,贵州,4
2020/2/8,贵州,1
2020/2/8,陕西,8
2020/2/8,陕西,1
2020/2/8,陕西,1
2020/2/8,陕西,1
2020/2/8,天津,6
2020/2/8,天津,1
2020/2/8,北京,1
2020/2/8,北京,1
2020/2/8,北京,2
2020/2/8,北京,4
2020/2/8,北京,2
2020/2/8,北京,1
2020/2/8,北京,1
2020/2/8,北京,1
2020/2/8,北京,4
2020/2/8,福建,2
2020/2/8,福建,2
2020/2/8,福建,3
2020/2/8,福建,2
2020/2/8,福建,1
2020/2/8,福建,5
2020/2/8,内蒙古,1
2020/2/8,内蒙古,1
2020/2/8,新疆,1
2020/2/8,新疆,1
2020/2/8,新疆,1
2020/2/8,香港,1
2020/2/8,上海,2
2020/2/8,上海,2
2020/2/8,上海,1
2020/2/8,辽宁,2
2020/2/8,辽宁,1
2020/2/8,辽宁,1
2020/2/8,山东,1
2020/2/8,山东,1
2020/2/8,山东,2
2020/2/8,山东,1
2020/2/8,山东,1
2020/2/8,山东,2
2020/2/8,山东,1
2020/2/8,重庆,1
2020/2/8,重庆,1
2020/2/8,广东,6
2020/2/8,广东,4
2020/2/8,广东,3
2020/2/8,广东,3
2020/2/8,广东,2
2020/2/8,广东,1
2020/2/8,广东,1
2020/2/8,台湾,1
2020/2/8,辽宁,1
2020/2/8,辽宁,1
2020/2/8,甘肃,3
2020/2/8,甘肃,2
2020/2/8,甘肃,2
2020/2/8,甘肃,1
2020/2/9,重庆,6
2020/2/9,重庆,3
2020/2/9,重庆,3
2020/2/9,重庆,1
2020/2/9,重庆,2
2020/2/9,重庆,1
2020/2/9,重庆,1
2020/2/9,重庆,1
2020/2/9,湖北,1379
2020/2/9,湖北,123
2020/2/9,湖北,100
2020/2/9,湖北,81
2020/2/9,湖北,78
2020/2/9,湖北,75
2020/2/9,湖北,70
2020/2/9,湖北,57
2020/2/9,湖北,56
2020/2/9,湖北,31
2020/2/9,湖北,29
2020/2/9,湖北,20
2020/2/9,湖北,18
2020/2/9,湖北,17
2020/2/9,湖北,11
2020/2/9,湖北,2
2020/2/9,上海,1
2020/2/9,上海,3
2020/2/9,上海,1
2020/2/9,上海,1
2020/2/9,山西,3
2020/2/9,山西,2
2020/2/9,山西,2
2020/2/9,山西,2
2020/2/9,山西,1
2020/2/9,山西,1
2020/2/9,河北,4
2020/2/9,河北,3
2020/2/9,河北,2
2020/2/9,河北,1
2020/2/9,河北,1
2020/2/9,黑龙江,14
2020/2/9,黑龙江,-9
2020/2/9,黑龙江,2
2020/2/9,黑龙江,-1
2020/2/9,黑龙江,1
2020/2/9,黑龙江,2
2020/2/9,黑龙江,3
2020/2/9,云南,2
2020/2/9,广西,3
2020/2/9,广西,1
2020/2/9,广西,4
2020/2/9,广西,4
2020/2/9,海南,3
2020/2/9,海南,1
2020/2/9,海南,1
2020/2/9,吉林,5
2020/2/9,吉林,2
2020/2/9,吉林,2
2020/2/9,河南,13
2020/2/9,河南,6
2020/2/9,河南,6
2020/2/9,河南,5
2020/2/9,河南,4
2020/2/9,河南,4
2020/2/9,河南,3
2020/2/9,河南,3
2020/2/9,河南,2
2020/2/9,河南,2
2020/2/9,河南,1
2020/2/9,河南,1
2020/2/9,河南,1
2020/2/9,河南,1
2020/2/9,四川,11
2020/2/9,四川,3
2020/2/9,四川,3
2020/2/9,四川,2
2020/2/9,四川,1
2020/2/9,四川,1
2020/2/9,四川,1
2020/2/9,四川,1
2020/2/9,湖南,9
2020/2/9,湖南,2
2020/2/9,湖南,10
2020/2/9,湖南,1
2020/2/9,湖南,4
2020/2/9,湖南,2
2020/2/9,湖南,1
2020/2/9,湖南,1
2020/2/9,湖南,5
2020/2/9,江苏,6
2020/2/9,江苏,4
2020/2/9,江苏,4
2020/2/9,江苏,3
2020/2/9,江苏,1
2020/2/9,江苏,5
2020/2/9,江苏,4
2020/2/9,江苏,1
2020/2/9,江苏,1
2020/2/9,安徽,8
2020/2/9,安徽,1
2020/2/9,安徽,6
2020/2/9,安徽,16
2020/2/9,安徽,5
2020/2/9,安徽,1
2020/2/9,安徽,3
2020/2/9,安徽,1
2020/2/9,安徽,1
2020/2/9,安徽,4
2020/2/9,贵州,4
2020/2/9,贵州,1
2020/2/9,贵州,1
2020/2/9,贵州,1
2020/2/9,江西,11
2020/2/9,江西,7
2020/2/9,江西,6
2020/2/9,江西,5
2020/2/9,江西,5
2020/2/9,江西,4
2020/2/9,江西,3
2020/2/9,江西,1
2020/2/9,新疆,1
2020/2/9,新疆,1
2020/2/9,新疆,1
2020/2/9,浙江,3
2020/2/9,浙江,5
2020/2/9,浙江,10
2020/2/9,浙江,1
2020/2/9,浙江,2
2020/2/9,浙江,1
2020/2/9,浙江,5
2020/2/9,宁夏,-1
2020/2/9,宁夏,1
2020/2/9,广东,10
2020/2/9,广东,3
2020/2/9,广东,5
2020/2/9,广东,1
2020/2/9,广东,1
2020/2/9,广东,2
2020/2/9,广东,2
2020/2/9,广东,1
2020/2/9,山东,1
2020/2/9,山东,3
2020/2/9,山东,2
2020/2/9,山东,1
2020/2/9,山东,1
2020/2/9,山东,3
2020/2/9,山东,1
2020/2/9,山东,1
2020/2/9,山东,6
2020/2/9,内蒙古,2
2020/2/9,陕西,8
2020/2/9,陕西,1
2020/2/9,陕西,4
2020/2/9,福建,3
2020/2/9,福建,2
2020/2/9,福建,1
2020/2/9,福建,2
2020/2/9,福建,1
2020/2/9,福建,2
2020/2/9,天津,2
2020/2/9,北京,2
2020/2/9,北京,3
2020/2/9,北京,1
2020/2/9,北京,1
2020/2/9,北京,1
2020/2/9,北京,1
2020/2/9,北京,1
2020/2/9,北京,1
2020/2/9,北京,1
2020/2/9,云南,1
2020/2/9,山东,1
2020/2/9,山东,2
2020/2/9,山东,2
2020/2/9,山东,1
2020/2/9,山东,1
2020/2/9,山东,2
2020/2/9,重庆,1
2020/2/9,重庆,1
2020/2/9,重庆,2
2020/2/9,广东,3
2020/2/9,广东,2
2020/2/9,广东,2
2020/2/9,广东,2
2020/2/9,广东,1
2020/2/9,广东,1
2020/2/9,香港,3
2020/2/9,贵州,2
2020/2/9,贵州,1
2020/2/9,海南,1
2020/2/9,海南,1
2020/2/9,辽宁,1
2020/2/9,台湾,1
2020/2/9,辽宁,1
2020/2/9,天津,1
2020/2/9,甘肃,3
2020/2/9,甘肃,1
2020/2/9,河南,1
2020/2/10,山西,2
2020/2/10,山西,1
2020/2/10,山西,1
2020/2/10,湖北,1920
2020/2/10,湖北,111
2020/2/10,湖北,105
2020/2/10,湖北,86
2020/2/10,湖北,65
2020/2/10,湖北,31
2020/2/10,湖北,45
2020/2/10,湖北,48
2020/2/10,湖北,38
2020/2/10,湖北,37
2020/2/10,湖北,21
2020/2/10,湖北,20
2020/2/10,湖北,14
2020/2/10,湖北,14
2020/2/10,湖北,-22
2020/2/10,湖北,3
2020/2/10,重庆,12
2020/2/10,重庆,1
2020/2/10,重庆,1
2020/2/10,重庆,1
2020/2/10,重庆,1
2020/2/10,重庆,1
2020/2/10,重庆,1
2020/2/10,上海,1
2020/2/10,上海,1
2020/2/10,黑龙江,14
2020/2/10,黑龙江,2
2020/2/10,黑龙江,3
2020/2/10,黑龙江,1
2020/2/10,黑龙江,1
2020/2/10,黑龙江,1
2020/2/10,黑龙江,2
2020/2/10,河北,5
2020/2/10,河北,3
2020/2/10,河北,2
2020/2/10,河北,1
2020/2/10,河北,1
2020/2/10,吉林,2
2020/2/10,广西,2
2020/2/10,广西,1
2020/2/10,广西,1
2020/2/10,广西,2
2020/2/10,广西,1
2020/2/10,广西,2
2020/2/10,广西,2
2020/2/10,广西,4
2020/2/10,山东,1
2020/2/10,山东,3
2020/2/10,山东,2
2020/2/10,山东,1
2020/2/10,山东,2
2020/2/10,山东,1
2020/2/10,山东,2
2020/2/10,山东,1
2020/2/10,山东,2
2020/2/10,河南,15
2020/2/10,河南,7
2020/2/10,河南,4
2020/2/10,河南,3
2020/2/10,河南,2
2020/2/10,河南,2
2020/2/10,河南,2
2020/2/10,河南,1
2020/2/10,河南,1
2020/2/10,河南,1
2020/2/10,河南,1
2020/2/10,河南,1
2020/2/10,福建,1
2020/2/10,福建,3
2020/2/10,福建,4
2020/2/10,福建,2
2020/2/10,福建,1
2020/2/10,四川,6
2020/2/10,四川,3
2020/2/10,四川,3
2020/2/10,四川,2
2020/2/10,四川,1
2020/2/10,四川,1
2020/2/10,四川,1
2020/2/10,四川,1
2020/2/10,四川,1
2020/2/10,安徽,11
2020/2/10,安徽,5
2020/2/10,安徽,3
2020/2/10,安徽,11
2020/2/10,安徽,7
2020/2/10,安徽,1
2020/2/10,安徽,1
2020/2/10,安徽,3
2020/2/10,安徽,1
2020/2/10,安徽,1
2020/2/10,安徽,1
2020/2/10,安徽,3
2020/2/10,安徽,3
2020/2/10,新疆,3
2020/2/10,新疆,1
2020/2/10,浙江,-10
2020/2/10,浙江,3
2020/2/10,浙江,16
2020/2/10,浙江,2
2020/2/10,浙江,3
2020/2/10,浙江,3
2020/2/10,广东,6
2020/2/10,广东,5
2020/2/10,广东,2
2020/2/10,广东,2
2020/2/10,广东,1
2020/2/10,广东,2
2020/2/10,广东,2
2020/2/10,宁夏,3
2020/2/10,宁夏,1
2020/2/10,江西,11
2020/2/10,江西,5
2020/2/10,江西,5
2020/2/10,江西,3
2020/2/10,江西,2
2020/2/10,江西,1
2020/2/10,江西,1
2020/2/10,江西,1
2020/2/10,江西,1
2020/2/10,江西,1
2020/2/10,湖南,8
2020/2/10,湖南,3
2020/2/10,湖南,3
2020/2/10,湖南,2
2020/2/10,湖南,9
2020/2/10,湖南,6
2020/2/10,湖南,7
2020/2/10,湖南,1
2020/2/10,湖南,2
2020/2/10,江苏,7
2020/2/10,江苏,3
2020/2/10,江苏,4
2020/2/10,江苏,2
2020/2/10,江苏,1
2020/2/10,江苏,3
2020/2/10,江苏,2
2020/2/10,江苏,1
2020/2/10,江苏,1
2020/2/10,贵州,3
2020/2/10,贵州,4
2020/2/10,贵州,1
2020/2/10,贵州,1
2020/2/10,贵州,1
2020/2/10,海南,5
2020/2/10,海南,1
2020/2/10,陕西,2
2020/2/10,陕西,1
2020/2/10,陕西,1
2020/2/10,陕西,1
2020/2/10,内蒙古,3
2020/2/10,内蒙古,1
2020/2/10,北京,1
2020/2/10,北京,1
2020/2/10,北京,2
2020/2/10,北京,3
2020/2/10,北京,1
2020/2/10,北京,1
2020/2/10,北京,1
2020/2/10,北京,1
2020/2/10,上海,2
2020/2/10,上海,2
2020/2/10,上海,1
2020/2/10,山东,1
2020/2/10,山东,1
2020/2/10,山东,5
2020/2/10,辽宁,1
2020/2/10,重庆,1
2020/2/10,重庆,2
2020/2/10,重庆,2
2020/2/10,云南,3
2020/2/10,云南,2
2020/2/10,云南,1
2020/2/10,云南,1
2020/2/10,云南,1
2020/2/10,香港,7
2020/2/10,香港,2
2020/2/10,湖北,-5
2020/2/10,甘肃,2
2020/2/10,甘肃,1
2020/2/11,湖北,1552
2020/2/11,湖北,101
2020/2/11,湖北,80
2020/2/11,湖北,65
2020/2/11,湖北,46
2020/2/11,湖北,44
2020/2/11,湖北,44
2020/2/11,湖北,30
2020/2/11,湖北,30
2020/2/11,湖北,24
2020/2/11,湖北,23
2020/2/11,湖北,22
2020/2/11,湖北,15
2020/2/11,湖北,8
2020/2/11,湖北,8
2020/2/11,湖北,5
2020/2/11,重庆,1
2020/2/11,重庆,1
2020/2/11,重庆,2
2020/2/11,重庆,1
2020/2/11,重庆,1
2020/2/11,重庆,1
2020/2/11,重庆,1
2020/2/11,重庆,1
2020/2/11,重庆,1
2020/2/11,重庆,1
2020/2/11,重庆,2
2020/2/11,山西,1
2020/2/11,山西,1
2020/2/11,山西,1
2020/2/11,河北,4
2020/2/11,河北,4
2020/2/11,河北,4
2020/2/11,河北,3
2020/2/11,河北,2
2020/2/11,河北,2
2020/2/11,河北,2
2020/2/11,黑龙江,18
2020/2/11,黑龙江,2
2020/2/11,黑龙江,4
2020/2/11,黑龙江,1
2020/2/11,黑龙江,1
2020/2/11,黑龙江,1
2020/2/11,黑龙江,2
2020/2/11,广西,4
2020/2/11,广西,1
2020/2/11,山东,2
2020/2/11,山东,2
2020/2/11,山东,2
2020/2/11,山东,2
2020/2/11,山东,1
2020/2/11,山东,2
2020/2/11,山东,1
2020/2/11,山东,2
2020/2/11,山东,2
2020/2/11,山东,3
2020/2/11,山东,1
2020/2/11,上海,2
2020/2/11,上海,1
2020/2/11,吉林,1
2020/2/11,河南,8
2020/2/11,河南,3
2020/2/11,河南,3
2020/2/11,河南,3
2020/2/11,河南,2
2020/2/11,河南,2
2020/2/11,河南,2
2020/2/11,河南,2
2020/2/11,河南,1
2020/2/11,河南,1
2020/2/11,河南,1
2020/2/11,河南,1
2020/2/11,河南,1
2020/2/11,河南,1
2020/2/11,河南,1
2020/2/11,安徽,3
2020/2/11,安徽,1
2020/2/11,安徽,2
2020/2/11,安徽,8
2020/2/11,安徽,7
2020/2/11,安徽,1
2020/2/11,安徽,2
2020/2/11,安徽,1
2020/2/11,安徽,1
2020/2/11,安徽,2
2020/2/11,安徽,2
2020/2/11,新疆,1
2020/2/11,新疆,5
2020/2/11,四川,4
2020/2/11,四川,2
2020/2/11,四川,2
2020/2/11,四川,1
2020/2/11,四川,1
2020/2/11,四川,1
2020/2/11,四川,1
2020/2/11,江苏,6
2020/2/11,江苏,4
2020/2/11,江苏,3
2020/2/11,江苏,3
2020/2/11,江苏,2
2020/2/11,江苏,2
2020/2/11,江苏,3
2020/2/11,福建,3
2020/2/11,福建,1
2020/2/11,福建,1
2020/2/11,福建,1
2020/2/11,湖南,6
2020/2/11,湖南,7
2020/2/11,湖南,1
2020/2/11,湖南,2
2020/2/11,湖南,10
2020/2/11,湖南,1
2020/2/11,湖南,1
2020/2/11,湖南,1
2020/2/11,湖南,1
2020/2/11,湖南,3
2020/2/11,贵州,2
2020/2/11,贵州,4
2020/2/11,贵州,1
2020/2/11,贵州,2
2020/2/11,香港,4
2020/2/11,广东,7
2020/2/11,广东,4
2020/2/11,广东,3
2020/2/11,广东,2
2020/2/11,广东,2
2020/2/11,广东,2
2020/2/11,广东,1
2020/2/11,广东,1
2020/2/11,广东,1
2020/2/11,广东,1
2020/2/11,广东,1
2020/2/11,广东,1
2020/2/11,浙江,2
2020/2/11,浙江,2
2020/2/11,浙江,10
2020/2/11,浙江,6
2020/2/11,浙江,3
2020/2/11,浙江,2
2020/2/11,江西,7
2020/2/11,江西,6
2020/2/11,江西,6
2020/2/11,江西,5
2020/2/11,江西,3
2020/2/11,江西,2
2020/2/11,江西,1
2020/2/11,江西,1
2020/2/11,江西,1
2020/2/11,江西,1
2020/2/11,海南,1
2020/2/11,海南,4
2020/2/11,海南,1
2020/2/11,天津,1
2020/2/11,宁夏,2
2020/2/11,宁夏,2
2020/2/11,天津,3
2020/2/11,陕西,6
2020/2/11,北京,3
2020/2/11,北京,1
2020/2/11,北京,1
2020/2/11,天津,1
2020/2/11,天津,1
2020/2/11,天津,4
2020/2/11,天津,1
2020/2/11,上海,1
2020/2/11,天津,1
2020/2/11,天津,1
2020/2/11,山东,1
2020/2/11,重庆,2
2020/2/11,重庆,1
2020/2/11,云南,2
2020/2/11,云南,1
2020/2/11,云南,1
2020/2/11,香港,7
2020/2/11,辽宁,1
2020/2/11,辽宁,2
2020/2/11,贵州,1
2020/2/11,贵州,8
2020/2/11,天津,1
2020/2/11,海南,7
2020/2/11,海南,1
2020/2/12,重庆,1
2020/2/12,重庆,6
2020/2/12,重庆,2
2020/2/12,重庆,1
2020/2/12,重庆,1
2020/2/12,重庆,2
2020/2/12,重庆,2
2020/2/12,重庆,1
2020/2/12,天津,1
2020/2/12,山西,1
2020/2/12,山西,1
2020/2/12,上海,1
2020/2/12,上海,1
2020/2/12,上海,1
2020/2/12,湖北,1104
2020/2/12,湖北,109
2020/2/12,湖北,71
2020/2/12,湖北,66
2020/2/12,湖北,40
2020/2/12,湖北,39
2020/2/12,湖北,35
2020/2/12,湖北,34
2020/2/12,湖北,32
2020/2/12,湖北,31
2020/2/12,湖北,25
2020/2/12,湖北,22
2020/2/12,湖北,12
2020/2/12,湖北,10
2020/2/12,湖北,8
2020/2/12,河北,5
2020/2/12,河北,2
2020/2/12,河北,2
2020/2/12,河北,2
2020/2/12,河北,1
2020/2/12,黑龙江,4
2020/2/12,黑龙江,5
2020/2/12,黑龙江,4
2020/2/12,黑龙江,1
2020/2/12,黑龙江,1
2020/2/12,黑龙江,1
2020/2/12,黑龙江,2
2020/2/12,广西,3
2020/2/12,广西,1
2020/2/12,广西,3
2020/2/12,辽宁,1
2020/2/12,辽宁,1
2020/2/12,辽宁,3
2020/2/12,河南,5
2020/2/12,河南,5
2020/2/12,河南,3
2020/2/12,河南,3
2020/2/12,河南,2
2020/2/12,河南,2
2020/2/12,河南,2
2020/2/12,河南,2
2020/2/12,河南,2
2020/2/12,河南,1
2020/2/12,河南,1
2020/2/12,河南,1
2020/2/12,河南,1
2020/2/12,四川,9
2020/2/12,四川,3
2020/2/12,四川,2
2020/2/12,四川,1
2020/2/12,四川,1
2020/2/12,四川,1
2020/2/12,四川,1
2020/2/12,四川,1
2020/2/12,安徽,7
2020/2/12,安徽,5
2020/2/12,安徽,3
2020/2/12,安徽,7
2020/2/12,安徽,6
2020/2/12,安徽,1
2020/2/12,福建,1
2020/2/12,福建,1
2020/2/12,福建,2
2020/2/12,福建,1
2020/2/12,江苏,3
2020/2/12,江苏,3
2020/2/12,江苏,3
2020/2/12,江苏,5
2020/2/12,江苏,4
2020/2/12,江苏,2
2020/2/12,江苏,2
2020/2/12,江苏,1
2020/2/12,江苏,3
2020/2/12,江苏,2
2020/2/12,山东,1
2020/2/12,山东,2
2020/2/12,山东,1
2020/2/12,山东,1
2020/2/12,山东,1
2020/2/12,山东,1
2020/2/12,山东,1
2020/2/12,山东,1
2020/2/12,山东,1
2020/2/12,贵州,1
2020/2/12,贵州,1
2020/2/12,贵州,1
2020/2/12,贵州,1
2020/2/12,湖南,4
2020/2/12,湖南,3
2020/2/12,湖南,3
2020/2/12,湖南,12
2020/2/12,湖南,2
2020/2/12,湖南,4
2020/2/12,湖南,5
2020/2/12,湖南,1
2020/2/12,浙江,2
2020/2/12,浙江,2
2020/2/12,浙江,7
2020/2/12,浙江,2
2020/2/12,浙江,1
2020/2/12,江西,10
2020/2/12,江西,7
2020/2/12,江西,5
2020/2/12,江西,5
2020/2/12,江西,4
2020/2/12,江西,4
2020/2/12,江西,3
2020/2/12,江西,1
2020/2/12,江西,1
2020/2/12,广东,11
2020/2/12,广东,8
2020/2/12,广东,6
2020/2/12,广东,5
2020/2/12,广东,4
2020/2/12,广东,2
2020/2/12,广东,2
2020/2/12,广东,1
2020/2/12,广东,1
2020/2/12,广东,1
2020/2/12,广东,1
2020/2/12,宁夏,1
2020/2/12,宁夏,4
2020/2/12,吉林,2
2020/2/12,新疆,2
2020/2/12,新疆,2
2020/2/12,天津,1
2020/2/12,云南,1
2020/2/12,内蒙古,1
2020/2/12,内蒙古,1
2020/2/12,海南,1
2020/2/12,北京,3
2020/2/12,北京,4
2020/2/12,北京,-1
2020/2/12,北京,2
2020/2/12,北京,1
2020/2/12,北京,1
2020/2/12,陕西,6
2020/2/12,上海,3
2020/2/12,上海,1
2020/2/12,上海,1
2020/2/12,天津,1
2020/2/12,天津,1
2020/2/12,天津,1
2020/2/12,重庆,1
2020/2/12,重庆,1
2020/2/12,重庆,2
2020/2/12,贵州,2
2020/2/12,香港,1
2020/2/12,海南,2
2020/2/12,海南,4
2020/2/12,天津,2
2020/2/12,甘肃,1
2020/2/13,山西,1
2020/2/13,山西,1
2020/2/13,重庆,1
2020/2/13,重庆,1
2020/2/13,重庆,1
2020/2/13,重庆,1
2020/2/13,重庆,3
2020/2/13,重庆,1
2020/2/13,重庆,1
2020/2/13,湖北,13436
2020/2/13,湖北,37
2020/2/13,湖北,26
2020/2/13,湖北,13
2020/2/13,湖北,26
2020/2/13,湖北,321
2020/2/13,湖北,231
2020/2/13,湖北,204
2020/2/13,湖北,123
2020/2/13,湖北,264
2020/2/13,湖北,9
2020/2/13,湖北,31
2020/2/13,湖北,26
2020/2/13,湖北,20
2020/2/13,湖北,69
2020/2/13,湖北,4
2020/2/13,上海,1
2020/2/13,上海,1
2020/2/13,黑龙江,9
2020/2/13,黑龙江,2
2020/2/13,黑龙江,1
2020/2/13,黑龙江,1
2020/2/13,黑龙江,4
2020/2/13,河北,5
2020/2/13,河北,4
2020/2/13,河北,2
2020/2/13,河北,2
2020/2/13,河北,1
2020/2/13,吉林,1
2020/2/13,河南,9
2020/2/13,河南,7
2020/2/13,河南,6
2020/2/13,河南,4
2020/2/13,河南,2
2020/2/13,河南,1
2020/2/13,河南,1
2020/2/13,河南,1
2020/2/13,河南,1
2020/2/13,河南,1
2020/2/13,四川,6
2020/2/13,四川,3
2020/2/13,四川,1
2020/2/13,四川,1
2020/2/13,四川,1
2020/2/13,四川,1
2020/2/13,四川,1
2020/2/13,四川,1
2020/2/13,福建,2
2020/2/13,福建,1
2020/2/13,福建,2
2020/2/13,福建,1
2020/2/13,福建,1
2020/2/13,山东,3
2020/2/13,山东,1
2020/2/13,山东,2
2020/2/13,山东,3
2020/2/13,安徽,4
2020/2/13,安徽,1
2020/2/13,安徽,3
2020/2/13,安徽,2
2020/2/13,安徽,5
2020/2/13,安徽,4
2020/2/13,安徽,1
2020/2/13,安徽,1
2020/2/13,安徽,1
2020/2/13,安徽,-1
2020/2/13,江苏,3
2020/2/13,江苏,1
2020/2/13,江苏,5
2020/2/13,江苏,2
2020/2/13,江苏,1
2020/2/13,江苏,1
2020/2/13,江苏,3
2020/2/13,江苏,4
2020/2/13,江苏,4
2020/2/13,江苏,2
2020/2/13,江苏,1
2020/2/13,贵州,2
2020/2/13,新疆,1
2020/2/13,新疆,2
2020/2/13,新疆,1
2020/2/13,湖南,5
2020/2/13,湖南,4
2020/2/13,湖南,5
2020/2/13,湖南,2
2020/2/13,湖南,2
2020/2/13,湖南,1
2020/2/13,湖南,3
2020/2/13,江西,7
2020/2/13,江西,5
2020/2/13,江西,4
2020/2/13,江西,4
2020/2/13,江西,4
2020/2/13,江西,1
2020/2/13,江西,3
2020/2/13,浙江,3
2020/2/13,浙江,9
2020/2/13,浙江,1
2020/2/13,浙江,1
2020/2/13,宁夏,1
2020/2/13,宁夏,2
2020/2/13,宁夏,3
2020/2/13,内蒙古,1
2020/2/13,广东,4
2020/2/13,广东,1
2020/2/13,广东,5
2020/2/13,广东,2
2020/2/13,广东,3
2020/2/13,广东,1
2020/2/13,广东,1
2020/2/13,广东,3
2020/2/13,广东,2
2020/2/13,陕西,4
2020/2/13,天津,1
2020/2/13,云南,1
2020/2/13,北京,3
2020/2/13,北京,4
2020/2/13,北京,5
2020/2/13,北京,1
2020/2/13,北京,1
2020/2/13,上海,2
2020/2/13,山东,3
2020/2/13,重庆,3
2020/2/13,重庆,1
2020/2/13,重庆,1
2020/2/13,重庆,1
2020/2/13,重庆,1
2020/2/13,天津,2
2020/2/13,天津,1
2020/2/13,天津,1
2020/2/13,云南,1
2020/2/13,香港,1
2020/2/13,辽宁,1
2020/2/13,甘肃,1
2020/2/13,甘肃,1
2020/2/13,甘肃,1
2020/2/13,香港,2
2020/2/14,重庆,1
2020/2/14,重庆,2
2020/2/14,重庆,1
2020/2/14,湖北,2997
2020/2/14,湖北,32
2020/2/14,湖北,24
2020/2/14,湖北,10
2020/2/14,湖北,67
2020/2/14,湖北,16
2020/2/14,湖北,-26
2020/2/14,湖北,60
2020/2/14,湖北,135
2020/2/14,湖北,129
2020/2/14,湖北,198
2020/2/14,湖北,46
2020/2/14,湖北,8
2020/2/14,湖北,20
2020/2/14,湖北,54
2020/2/14,湖北,10
2020/2/14,上海,1
2020/2/14,上海,1
2020/2/14,上海,1
2020/2/14,黑龙江,5
2020/2/14,黑龙江,3
2020/2/14,黑龙江,9
2020/2/14,黑龙江,3
2020/2/14,黑龙江,3
2020/2/14,河北,8
2020/2/14,河北,6
2020/2/14,河北,3
2020/2/14,河北,1
2020/2/14,吉林,1
2020/2/14,吉林,1
2020/2/14,广西,3
2020/2/14,广西,1
2020/2/14,福建,2
2020/2/14,山东,3
2020/2/14,山东,3
2020/2/14,山东,2
2020/2/14,山东,2
2020/2/14,四川,6
2020/2/14,四川,4
2020/2/14,四川,2
2020/2/14,江苏,1
2020/2/14,江苏,2
2020/2/14,江苏,5
2020/2/14,江苏,5
2020/2/14,江苏,1
2020/2/14,江苏,3
2020/2/14,江苏,5
2020/2/14,江苏,1
2020/2/14,河南,3
2020/2/14,河南,3
2020/2/14,河南,3
2020/2/14,河南,1
2020/2/14,河南,1
2020/2/14,河南,1
2020/2/14,河南,1
2020/2/14,河南,1
2020/2/14,河南,1
2020/2/14,湖南,10
2020/2/14,湖南,1
2020/2/14,湖南,2
2020/2/14,湖南,2
2020/2/14,湖南,1
2020/2/14,湖南,1
2020/2/14,湖南,1
2020/2/14,湖南,1
2020/2/14,湖南,1
2020/2/14,贵州,1
2020/2/14,贵州,3
2020/2/14,贵州,1
2020/2/14,新疆,2
2020/2/14,浙江,3
2020/2/14,浙江,6
2020/2/14,浙江,1
2020/2/14,安徽,6
2020/2/14,安徽,5
2020/2/14,安徽,4
2020/2/14,安徽,3
2020/2/14,安徽,2
2020/2/14,安徽,1
2020/2/14,安徽,1
2020/2/14,安徽,1
2020/2/14,安徽,1
2020/2/14,江西,6
2020/2/14,江西,6
2020/2/14,江西,5
2020/2/14,江西,3
2020/2/14,江西,3
2020/2/14,江西,2
2020/2/14,江西,2
2020/2/14,江西,1
2020/2/14,宁夏,3
2020/2/14,海南,1
2020/2/14,广东,9
2020/2/14,广东,3
2020/2/14,广东,2
2020/2/14,广东,1
2020/2/14,广东,1
2020/2/14,广东,1
2020/2/14,广东,1
2020/2/14,广东,1
2020/2/14,广东,1
2020/2/14,内蒙古,2
2020/2/14,内蒙古,2
2020/2/14,陕西,1
2020/2/14,云南,5
2020/2/14,云南,1
2020/2/14,北京,2
2020/2/14,北京,2
2020/2/14,北京,1
2020/2/14,北京,1
2020/2/14,天津,1
2020/2/14,山东,2
2020/2/14,山东,2
2020/2/14,重庆,1
2020/2/14,重庆,1
2020/2/14,重庆,1
2020/2/14,香港,3
2020/2/14,辽宁,1
2020/2/14,辽宁,1
2020/2/14,海南,1
2020/2/14,黑龙江,1
2020/2/15,湖北,1923
2020/2/15,湖北,108
2020/2/15,湖北,105
2020/2/15,湖北,67
2020/2/15,湖北,31
2020/2/15,湖北,37
2020/2/15,湖北,29
2020/2/15,湖北,26
2020/2/15,湖北,26
2020/2/15,湖北,17
2020/2/15,湖北,14
2020/2/15,湖北,11
2020/2/15,湖北,12
2020/2/15,湖北,6
2020/2/15,湖北,7
2020/2/15,湖北,1
2020/2/15,重庆,1
2020/2/15,重庆,1
2020/2/15,重庆,1
2020/2/15,重庆,1
2020/2/15,重庆,1
2020/2/15,山西,1
2020/2/15,河北,3
2020/2/15,河北,2
2020/2/15,河北,1
2020/2/15,河北,1
2020/2/15,河北,1
2020/2/15,上海,7
2020/2/15,上海,1
2020/2/15,黑龙江,3
2020/2/15,黑龙江,1
2020/2/15,黑龙江,1
2020/2/15,黑龙江,1
2020/2/15,广西,2
2020/2/15,广西,2
2020/2/15,广西,3
2020/2/15,广西,1
2020/2/15,广西,1
2020/2/15,福建,1
2020/2/15,福建,2
2020/2/15,福建,1
2020/2/15,天津,1
2020/2/15,吉林,1
2020/2/15,吉林,1
2020/2/15,山东,1
2020/2/15,山东,1
2020/2/15,山东,1
2020/2/15,山东,3
2020/2/15,山东,1
2020/2/15,湖南,3
2020/2/15,湖南,1
2020/2/15,湖南,1
2020/2/15,湖南,1
2020/2/15,湖南,4
2020/2/15,湖南,1
2020/2/15,湖南,2
2020/2/15,海南,2
2020/2/15,海南,1
2020/2/15,宁夏,1
2020/2/15,宁夏,2
2020/2/15,四川,4
2020/2/15,四川,1
2020/2/15,四川,1
2020/2/15,四川,1
2020/2/15,江苏,1
2020/2/15,江苏,1
2020/2/15,江苏,1
2020/2/15,江苏,1
2020/2/15,江苏,1
2020/2/15,江苏,4
2020/2/15,江苏,1
2020/2/15,江苏,1
2020/2/15,河南,9
2020/2/15,河南,4
2020/2/15,河南,4
2020/2/15,河南,2
2020/2/15,河南,2
2020/2/15,河南,1
2020/2/15,河南,1
2020/2/15,河南,1
2020/2/15,河南,1
2020/2/15,河南,1
2020/2/15,河南,1
2020/2/15,河南,1
2020/2/15,贵州,3
2020/2/15,浙江,1
2020/2/15,浙江,1
2020/2/15,浙江,3
2020/2/15,浙江,1
2020/2/15,浙江,1
2020/2/15,江西,5
2020/2/15,江西,3
2020/2/15,江西,1
2020/2/15,江西,1
2020/2/15,江西,1
2020/2/15,江西,1
2020/2/15,江西,1
2020/2/15,新疆,2
2020/2/15,新疆,1
2020/2/15,新疆,2
2020/2/15,安徽,4
2020/2/15,安徽,4
2020/2/15,安徽,2
2020/2/15,安徽,2
2020/2/15,安徽,1
2020/2/15,安徽,1
2020/2/15,安徽,1
2020/2/15,安徽,1
2020/2/15,内蒙古,1
2020/2/15,内蒙古,2
2020/2/15,天津,1
2020/2/15,陕西,1
2020/2/15,陕西,1
2020/2/15,广东,8
2020/2/15,广东,7
2020/2/15,广东,6
2020/2/15,广东,4
2020/2/15,广东,2
2020/2/15,广东,2
2020/2/15,广东,2
2020/2/15,广东,1
2020/2/15,广东,1
2020/2/15,云南,6
2020/2/15,天津,1
2020/2/15,北京,1
2020/2/15,北京,2
2020/2/15,山东,1
2020/2/15,山东,1
2020/2/15,重庆,1
2020/2/15,天津,1
2020/2/16,湖北,1548
2020/2/16,湖北,87
2020/2/16,湖北,50
2020/2/16,湖北,38
2020/2/16,湖北,25
2020/2/16,湖北,22
2020/2/16,湖北,16
2020/2/16,湖北,12
2020/2/16,湖北,12
2020/2/16,湖北,9
2020/2/16,湖北,8
2020/2/16,湖北,7
2020/2/16,湖北,6
2020/2/16,湖北,5
2020/2/16,湖北,3
2020/2/16,湖北,-5
2020/2/16,山西,1
2020/2/16,重庆,1
2020/2/16,重庆,1
2020/2/16,重庆,2
2020/2/16,重庆,1
2020/2/16,重庆,1
2020/2/16,河北,5
2020/2/16,河北,1
2020/2/16,河北,1
2020/2/16,河北,1
2020/2/16,河北,1
2020/2/16,上海,1
2020/2/16,上海,1
2020/2/16,黑龙江,15
2020/2/16,黑龙江,2
2020/2/16,黑龙江,1
2020/2/16,黑龙江,1
2020/2/16,黑龙江,1
2020/2/16,广西,1
2020/2/16,广西,1
2020/2/16,山东,1
2020/2/16,山东,2
2020/2/16,山东,1
2020/2/16,山东,1
2020/2/16,吉林,1
2020/2/16,河南,9
2020/2/16,河南,4
2020/2/16,河南,1
2020/2/16,河南,1
2020/2/16,河南,1
2020/2/16,河南,1
2020/2/16,河南,1
2020/2/16,河南,1
2020/2/16,福建,2
2020/2/16,四川,6
2020/2/16,四川,2
2020/2/16,四川,2
2020/2/16,四川,1
2020/2/16,湖南,1
2020/2/16,湖南,1
2020/2/16,湖南,1
2020/2/16,贵州,1
2020/2/16,新疆,1
2020/2/16,辽宁,1
2020/2/16,浙江,1
2020/2/16,浙江,3
2020/2/16,浙江,1
2020/2/16,陕西,4
2020/2/16,江西,5
2020/2/16,江西,2
2020/2/16,江西,2
2020/2/16,江西,2
2020/2/16,江西,1
2020/2/16,广东,8
2020/2/16,广东,8
2020/2/16,广东,3
2020/2/16,广东,1
2020/2/16,广东,1
2020/2/16,广东,1
2020/2/16,安徽,4
2020/2/16,安徽,2
2020/2/16,安徽,2
2020/2/16,安徽,1
2020/2/16,安徽,1
2020/2/16,安徽,1
2020/2/16,安徽,1
2020/2/16,北京,1
2020/2/16,北京,1
2020/2/16,北京,1
2020/2/16,北京,1
2020/2/16,北京,1
2020/2/16,江苏,1
2020/2/16,江苏,1
2020/2/16,江苏,1
2020/2/16,江苏,3
2020/2/16,江苏,2
2020/2/16,江苏,3
2020/2/16,江苏,1
2020/2/16,江苏,1
2020/2/16,内蒙古,2
2020/2/16,云南,1
2020/2/16,天津,1
2020/2/16,天津,1
2020/2/16,重庆,1
2020/2/16,重庆,1
2020/2/16,重庆,1
2020/2/16,香港,1
2020/2/16,云南,2
2020/2/16,台湾,2
2020/2/16,辽宁,1
2020/2/17,重庆,2
2020/2/17,重庆,1
2020/2/17,重庆,1
2020/2/17,湖北,1690
2020/2/17,湖北,78
2020/2/17,湖北,44
2020/2/17,湖北,38
2020/2/17,湖北,16
2020/2/17,湖北,13
2020/2/17,湖北,11
2020/2/17,湖北,11
2020/2/17,湖北,10
2020/2/17,湖北,9
2020/2/17,湖北,8
2020/2/17,湖北,8
2020/2/17,湖北,6
2020/2/17,湖北,2
2020/2/17,湖北,-5
2020/2/17,湖北,-6
2020/2/17,山西,1
2020/2/17,河北,1
2020/2/17,黑龙江,6
2020/2/17,黑龙江,1
2020/2/17,黑龙江,4
2020/2/17,黑龙江,1
2020/2/17,广西,1
2020/2/17,上海,2
2020/2/17,上海,1
2020/2/17,山东,1
2020/2/17,山东,1
2020/2/17,山东,1
2020/2/17,山东,1
2020/2/17,福建,1
2020/2/17,福建,1
2020/2/17,福建,1
2020/2/17,河南,4
2020/2/17,河南,3
2020/2/17,河南,3
2020/2/17,河南,2
2020/2/17,河南,1
2020/2/17,河南,1
2020/2/17,河南,1
2020/2/17,四川,7
2020/2/17,四川,5
2020/2/17,四川,2
2020/2/17,安徽,3
2020/2/17,安徽,2
2020/2/17,安徽,1
2020/2/17,安徽,1
2020/2/17,安徽,1
2020/2/17,安徽,1
2020/2/17,安徽,1
2020/2/17,安徽,1
2020/2/17,江苏,2
2020/2/17,江苏,1
2020/2/17,江苏,3
2020/2/17,江苏,2
2020/2/17,江苏,1
2020/2/17,湖南,1
2020/2/17,湖南,1
2020/2/17,贵州,2
2020/2/17,北京,1
2020/2/17,浙江,2
2020/2/17,浙江,1
2020/2/17,浙江,1
2020/2/17,广东,1
2020/2/17,广东,1
2020/2/17,广东,1
2020/2/17,广东,1
2020/2/17,广东,1
2020/2/17,广东,1
2020/2/17,陕西,3
2020/2/17,陕西,1
2020/2/17,江西,2
2020/2/17,江西,1
2020/2/17,江西,1
2020/2/17,江西,1
2020/2/17,内蒙古,2
2020/2/17,新疆,2
2020/2/17,新疆,2
2020/2/17,天津,1
2020/2/17,海南,1
2020/2/17,上海,1
2020/2/17,重庆,1
2020/2/17,香港,1
2020/2/17,甘肃,1
2020/2/17,台湾,2
2020/2/18,重庆,1
2020/2/18,湖北,1600
2020/2/18,湖北,65
2020/2/18,湖北,41
2020/2/18,湖北,36
2020/2/18,湖北,15
2020/2/18,湖北,14
2020/2/18,湖北,13
2020/2/18,湖北,11
2020/2/18,湖北,9
2020/2/18,湖北,8
2020/2/18,湖北,7
2020/2/18,湖北,3
2020/2/18,湖北,2
2020/2/18,湖北,1
2020/2/18,湖北,-3
2020/2/18,湖北,-15
2020/2/18,上海,1
2020/2/18,河北,1
2020/2/18,广西,3
2020/2/18,广西,1
2020/2/18,福建,2
2020/2/18,四川,5
2020/2/18,四川,3
2020/2/18,四川,3
2020/2/18,四川,1
2020/2/18,四川,1
2020/2/18,山东,1
2020/2/18,山东,1
2020/2/18,安徽,2
2020/2/18,安徽,2
2020/2/18,安徽,2
2020/2/18,安徽,1
2020/2/18,安徽,1
2020/2/18,安徽,1
2020/2/18,江苏,1
2020/2/18,江苏,1
2020/2/18,江苏,1
2020/2/18,山西,1
2020/2/18,黑龙江,2
2020/2/18,黑龙江,2
2020/2/18,黑龙江,1
2020/2/18,黑龙江,1
2020/2/18,黑龙江,1
2020/2/18,河南,4
2020/2/18,河南,3
2020/2/18,河南,1
2020/2/18,河南,1
2020/2/18,河南,1
2020/2/18,河南,1
2020/2/18,湖南,1
2020/2/18,云南,1
2020/2/18,内蒙古,1
2020/2/18,北京,1
2020/2/18,北京,1
2020/2/18,北京,4
2020/2/18,江西,1
2020/2/18,江西,1
2020/2/18,江西,1
2020/2/18,浙江,1
2020/2/18,广东,2
2020/2/18,广东,1
2020/2/18,广东,1
2020/2/18,广东,1
2020/2/18,广东,1
2020/2/18,新疆,1
2020/2/18,天津,2
2020/2/18,香港,2
2020/2/18,香港,1
2020/2/18,天津,1
2020/2/19,重庆,2
2020/2/19,山西,1
2020/2/19,湖北,1660
2020/2/19,湖北,24
2020/2/19,湖北,18
2020/2/19,湖北,16
2020/2/19,湖北,12
2020/2/19,湖北,4
2020/2/19,湖北,4
2020/2/19,湖北,3
2020/2/19,湖北,2
2020/2/19,湖北,2
2020/2/19,湖北,1
2020/2/19,湖北,-36
2020/2/19,湖北,-14
2020/2/19,湖北,-2
2020/2/19,湖北,-1
2020/2/19,河北,4
2020/2/19,黑龙江,2
2020/2/19,黑龙江,3
2020/2/19,黑龙江,1
2020/2/19,吉林,1
2020/2/19,广西,1
2020/2/19,广西,1
2020/2/19,河南,2
2020/2/19,河南,2
2020/2/19,河南,1
2020/2/19,福建,1
2020/2/19,山东,1
2020/2/19,四川,3
2020/2/19,四川,1
2020/2/19,四川,1
2020/2/19,四川,1
2020/2/19,江苏,1
2020/2/19,江苏,1
2020/2/19,安徽,1
2020/2/19,安徽,1
2020/2/19,安徽,1
2020/2/19,安徽,1
2020/2/19,北京,5
2020/2/19,北京,1
2020/2/19,湖南,1
2020/2/19,陕西,1
2020/2/19,陕西,1
2020/2/19,宁夏,1
2020/2/19,广东,3
2020/2/19,浙江,1
2020/2/19,云南,1
2020/2/19,内蒙古,1
2020/2/19,内蒙古,1
2020/2/19,香港,1
2020/2/19,台湾,1
2020/2/20,北京,1
2020/2/20,北京,1
2020/2/20,湖北,615
2020/2/20,湖北,5
2020/2/20,湖北,3
2020/2/20,湖北,3
2020/2/20,湖北,2
2020/2/20,重庆,3
2020/2/20,重庆,2
2020/2/20,河北,1
2020/2/20,湖北,-5
2020/2/20,湖北,-5
2020/2/20,湖北,-5
2020/2/20,湖北,-13
2020/2/20,湖北,-15
2020/2/20,湖北,-16
2020/2/20,湖北,-16
2020/2/20,湖北,-31
2020/2/20,湖北,-66
2020/2/20,湖北,-107
2020/2/20,黑龙江,2
2020/2/20,黑龙江,3
2020/2/20,黑龙江,1
2020/2/20,广西,1
2020/2/20,河南,1
2020/2/20,河南,1
2020/2/20,河南,1
2020/2/20,山东,1
2020/2/20,山东,1
2020/2/20,海南,5
2020/2/20,四川,4
2020/2/20,四川,2
2020/2/20,吉林,1
2020/2/20,湖南,1
2020/2/20,湖南,1
2020/2/20,天津,2
2020/2/20,安徽,1
2020/2/20,云南,-1
2020/2/20,广东,1
2020/2/20,江西,1
2020/2/20,陕西,2
2020/2/20,陕西,1
2020/2/20,香港,3
2020/2/20,浙江,1
2020/2/20,浙江,1
2020/2/20,台湾,1
2020/2/20,上海,1
2020/2/20,云南,1
2020/2/20,香港,2
2020/2/20,天津,1
2020/2/20,湖北,18
2020/2/20,湖北,2
2020/2/20,湖北,1
2020/2/20,湖北,19
2020/2/20,湖北,43
2020/2/20,湖北,112
2020/2/20,湖北,30
2020/2/20,湖北,81
2020/2/20,湖北,27
2020/2/20,湖北,68
2020/2/20,湖北,5
2020/2/20,湖北,5
2020/2/20,湖北,15
2020/2/21,湖北,319
2020/2/21,湖北,7
2020/2/21,湖北,13
2020/2/21,湖北,3
2020/2/21,湖北,4
2020/2/21,湖北,7
2020/2/21,湖北,6
2020/2/21,湖北,5
2020/2/21,湖北,17
2020/2/21,湖北,17
2020/2/21,湖北,4
2020/2/21,湖北,1
2020/2/21,湖北,1
2020/2/21,湖北,4
2020/2/21,湖北,3
2020/2/21,重庆,2
2020/2/21,重庆,2
2020/2/21,重庆,1
2020/2/21,重庆,1
2020/2/21,重庆,1
2020/2/21,河北,1
2020/2/21,黑龙江,3
2020/2/21,山西,1
2020/2/21,河南,1
2020/2/21,河南,1
2020/2/21,广西,1
2020/2/21,安徽,1
2020/2/21,四川,2
2020/2/21,四川,1
2020/2/21,四川,1
2020/2/21,四川,1
2020/2/21,北京,1
2020/2/21,云南,1
2020/2/21,浙江,1
2020/2/21,浙江,27
2020/2/21,广东,1
2020/2/21,湖南,1
2020/2/21,山东,201
2020/2/21,山东,1
2020/2/21,天津,1
2020/2/21,香港,1
2020/2/21,山东,1
2020/2/21,湖北,220
2020/2/21,台湾,2
2020/2/22,天津,1
2020/2/22,重庆,3
2020/2/22,重庆,1
2020/2/22,重庆,1
2020/2/22,河北,1
2020/2/22,广西,1
2020/2/22,广西,1
2020/2/22,广西,1
2020/2/22,安徽,1
2020/2/22,河南,3
2020/2/22,湖南,1
2020/2/22,湖南,1
2020/2/22,山东,1
2020/2/22,四川,1
2020/2/22,浙江,2
2020/2/22,北京,2
2020/2/22,北京,1
2020/2/22,广东,4
2020/2/22,广东,1
2020/2/22,广东,1
2020/2/22,湖北,314
2020/2/22,湖北,16
2020/2/22,湖北,6
2020/2/22,湖北,5
2020/2/22,湖北,4
2020/2/22,湖北,3
2020/2/22,湖北,3
2020/2/22,湖北,2
2020/2/22,湖北,2
2020/2/22,湖北,2
2020/2/22,湖北,2
2020/2/22,湖北,2
2020/2/22,湖北,1
2020/2/22,湖北,1
2020/2/22,湖北,1
2020/2/22,湖北,1
2020/2/22,湖北,1
2020/2/22,天津,2
2020/2/22,上海,1
2020/2/22,香港,1
2020/2/23,湖北,541
2020/2/23,湖北,4
2020/2/23,湖北,8
2020/2/23,湖北,3
2020/2/23,湖北,8
2020/2/23,湖北,4
2020/2/23,湖北,4
2020/2/23,湖北,14
2020/2/23,湖北,5
2020/2/23,湖北,4
2020/2/23,湖北,1
2020/2/23,湖北,2
2020/2/23,湖北,32
2020/2/23,山东,4
2020/2/23,重庆,1
2020/2/23,河北,1
2020/2/23,河北,1
2020/2/23,黑龙江,1
2020/2/23,河南,1
2020/2/23,广东,2
2020/2/23,广东,1
2020/2/23,湖南,1
2020/2/23,湖南,2
2020/2/23,香港,1
2020/2/23,香港,4
2020/2/23,台湾,2
2020/2/24,重庆,1
2020/2/24,重庆,1
2020/2/24,吉林,2
2020/2/24,广西,2
2020/2/24,山东,1
2020/2/24,广东,2
2020/2/24,广东,1
2020/2/24,湖北,348
2020/2/24,湖北,22
2020/2/24,湖北,7
2020/2/24,湖北,4
2020/2/24,湖北,4
2020/2/24,湖北,3
2020/2/24,湖北,3
2020/2/24,湖北,2
2020/2/24,湖北,2
2020/2/24,湖北,2
2020/2/24,湖北,1
2020/2/24,湖北,-195
2020/2/24,台湾,2
2020/2/24,香港,5
2020/2/24,四川,1
2020/2/24,北京,1
2020/2/25,福建,1
2020/2/25,湖北,464
2020/2/25,湖北,17
2020/2/25,湖北,3
2020/2/25,湖北,2
2020/2/25,湖北,2
2020/2/25,湖北,2
2020/2/25,湖北,2
2020/2/25,湖北,2
2020/2/25,湖北,2
2020/2/25,湖北,1
2020/2/25,湖北,1
2020/2/25,湖北,1
2020/2/25,重庆,1
2020/2/25,山西,1
2020/2/25,广西,1
2020/2/25,广东,1
2020/2/25,广东,1
2020/2/25,北京,1
2020/2/25,北京,1
2020/2/25,北京,-1
2020/2/25,上海,1
2020/2/25,山东,1
2020/2/25,四川,1
2020/2/25,四川,1
2020/2/25,香港,2
2020/2/25,台湾,1
2020/2/26,河北,1
2020/2/26,四川,2
2020/2/26,香港,4
2020/2/26,湖北,370
2020/2/26,湖北,19
2020/2/26,湖北,3
2020/2/26,湖北,2
2020/2/26,湖北,2
2020/2/26,湖北,1
2020/2/26,湖北,1
2020/2/26,湖北,1
2020/2/26,湖北,1
2020/2/26,湖北,1
2020/2/26,台湾,1
2020/2/26,香港,4
2020/2/26,宁夏,1
2020/2/27,上海,1
2020/2/27,香港,2
2020/2/27,河北,5
2020/2/27,福建,1
2020/2/27,福建,1
2020/2/27,河南,1
2020/2/27,四川,3
2020/2/27,湖南,1
2020/2/27,湖北,383
2020/2/27,湖北,15
2020/2/27,湖北,2
2020/2/27,湖北,2
2020/2/27,湖北,2
2020/2/27,湖北,2
2020/2/27,湖北,1
2020/2/27,湖北,1
2020/2/27,湖北,1
2020/2/27,北京,9
2020/2/27,北京,1
2020/2/28,香港,2
2020/2/28,河北,1
2020/2/28,湖北,313
2020/2/28,湖北,2
2020/2/28,湖北,1
2020/2/28,湖北,1
2020/2/28,湖北,1
2020/2/28,安徽,1
2020/2/28,四川,4
2020/2/28,广东,1
2020/2/28,江西,1
2020/2/28,天津,1
2020/2/28,台湾,2
2020/2/28,香港,1
2020/2/29,湖南,1
2020/2/29,湖北,420
2020/2/29,湖北,1
2020/2/29,湖北,1
2020/2/29,湖北,1
2020/2/29,广东,1
2020/2/29,宁夏,1
2020/2/29,北京,1
2020/2/29,台湾,5
2020/3/1,香港,1
2020/3/1,湖北,565
2020/3/1,湖北,1
2020/3/1,湖北,1
2020/3/1,湖北,1
2020/3/1,湖北,1
2020/3/1,湖北,1
2020/3/1,辽宁,1
2020/3/1,北京,2
2020/3/1,山东,2
2020/3/1,台湾,1
2020/3/1,广东,1
2020/3/2,宁夏,1
2020/3/2,香港,3
2020/3/2,湖北,193
2020/3/2,湖北,2
2020/3/2,湖北,1
2020/3/2,北京,1
2020/3/2,浙江,1
2020/3/3,台湾,1
2020/3/3,香港,2
2020/3/3,辽宁,3
2020/3/3,湖北,111
2020/3/3,湖北,2
2020/3/3,湖北,1
2020/3/3,上海,1
2020/3/3,浙江,7
2020/3/3,台湾,1
2020/3/4,宁夏,1
2020/3/4,湖北,114
2020/3/4,湖北,1
2020/3/4,北京,1
2020/3/4,北京,1
2020/3/4,北京,1
2020/3/4,香港,2
2020/3/5,北京,1
2020/3/5,黑龙江,1
2020/3/5,湖北,131
2020/3/5,湖北,2
2020/3/5,湖北,1
2020/3/5,浙江,2
2020/3/5,香港,2
2020/3/5,四川,1
2020/3/5,上海,1
2020/3/5,广东,1
2020/3/5,台湾,2
2020/3/5,甘肃,11
2020/3/6,北京,4
2020/3/6,湖北,126
2020/3/6,上海,3
2020/3/6,广东,1
2020/3/6,台湾,1
2020/3/6,香港,2
2020/3/6,甘肃,17
2020/3/7,湖北,74
2020/3/7,香港,1
2020/3/7,北京,3
2020/3/7,北京,1
2020/3/7,香港,1
2020/3/7,甘肃,1
2020/3/8,香港,1
2020/3/8,北京,1
2020/3/8,北京,1
2020/3/8,湖北,41
2020/3/8,香港,5
2020/3/8,甘肃,4
2020/3/9,湖北,36
2020/3/9,香港,1
2020/3/10,湖北,17
2020/3/10,广东,1
2020/3/10,北京,1
2020/3/10,上海,2
2020/3/10,台湾,2
2020/3/10,香港,4
2020/3/10,甘肃,1
2020/3/11,黑龙江,1
2020/3/11,香港,1
2020/3/11,湖北,13
2020/3/11,山东,1
2020/3/11,北京,5
2020/3/11,北京,1
2020/3/11,山东,1
2020/3/11,广东,1
2020/3/11,广东,2
2020/3/11,香港,6
2020/3/11,甘肃,2
2020/3/11,台湾,1
2020/3/11,香港,3
2020/3/12,河南,1
2020/3/12,台湾,1
2020/3/12,湖北,8
2020/3/12,香港,1
2020/3/13,上海,1
2020/3/13,上海,1
2020/3/13,北京,1
2020/3/13,香港,1
2020/3/13,湖北,5
2020/3/14,北京,1
2020/3/14,甘肃,2
2020/3/14,上海,4
2020/3/14,香港,6
2020/3/14,台湾,1
2020/3/14,浙江,12
2020/3/14,湖北,4
2020/3/14,上海,1
2020/3/14,上海,1
2020/3/14,台湾,3
2020/3/14,香港,3
2020/3/14,甘肃,1
2020/3/14,甘肃,2
2020/3/15,上海,1
2020/3/15,湖北,4
2020/3/15,北京,3
2020/3/15,北京,1
2020/3/15,北京,1
2020/3/15,香港,1
2020/3/15,浙江,1
2020/3/15,浙江,1
2020/3/15,浙江,2
2020/3/15,广东,1
2020/3/15,台湾,6
2020/3/15,香港,4
2020/3/15,甘肃,1
2020/3/16,云南,1
2020/3/16,湖北,4
2020/3/16,广东,2
2020/3/16,广东,1
2020/3/16,广东,1
2020/3/16,上海,1
2020/3/16,上海,1
2020/3/16,澳门,1
2020/3/16,香港,3
2020/3/16,北京,2
2020/3/16,北京,2
2020/3/16,北京,4
2020/3/16,北京,2
2020/3/16,台湾,8
2020/3/16,香港,7
2020/3/17,湖北,1
2020/3/17,山东,1
2020/3/17,北京,2
2020/3/17,北京,1
2020/3/17,香港,2
2020/3/17,广西,1
2020/3/17,云南,1
2020/3/17,上海,1
2020/3/17,上海,1
2020/3/17,上海,1
2020/3/17,浙江,1
2020/3/17,广东,1
2020/3/17,广东,1
2020/3/17,广东,1
2020/3/17,陕西,1
2020/3/17,北京,1
2020/3/17,台湾,10
2020/3/17,澳门,2
2020/3/18,香港,5
2020/3/18,上海,1
2020/3/18,上海,1
2020/3/18,上海,1
2020/3/18,北京,1
2020/3/18,北京,1
2020/3/18,香港,5
2020/3/18,四川,1
2020/3/18,湖北,1
2020/3/18,广东,2
2020/3/18,广东,2
2020/3/18,广东,1
2020/3/18,澳门,1
2020/3/18,台湾,23
2020/3/18,北京,5
2020/3/18,北京,4
2020/3/18,北京,1
2020/3/18,北京,1
2020/3/18,香港,1
2020/3/19,香港,14
2020/3/19,广东,1
2020/3/19,上海,2
2020/3/19,黑龙江,1
2020/3/19,澳门,3
2020/3/19,北京,3
2020/3/19,北京,3
2020/3/19,北京,2
2020/3/19,北京,2
2020/3/19,浙江,1
2020/3/19,广东,4
2020/3/19,广东,2
2020/3/19,广东,1
2020/3/19,广东,1
2020/3/19,香港,10
2020/3/19,北京,1
2020/3/19,甘肃,1
2020/3/20,香港,16
2020/3/20,上海,1
2020/3/20,上海,1
2020/3/20,上海,3
2020/3/20,上海,1
2020/3/20,上海,2
2020/3/20,浙江,1
2020/3/20,山东,1
2020/3/20,广东,5
2020/3/20,广东,2
2020/3/20,广东,4
2020/3/20,广东,2
2020/3/20,广东,1
2020/3/20,天津,1
2020/3/20,广西,1
2020/3/20,辽宁,1
2020/3/20,黑龙江,1
2020/3/20,台湾,8
2020/3/20,四川,1
2020/3/20,北京,5
2020/3/20,陕西,1
2020/3/20,福建,1
2020/3/20,福建,1
2020/3/20,福建,1
2020/3/20,北京,2
2020/3/20,北京,2
2020/3/20,北京,2
2020/3/20,台湾,27
2020/3/21,香港,48
2020/3/21,广东,2
2020/3/21,上海,2
2020/3/21,上海,4
2020/3/21,上海,1
2020/3/21,上海,2
2020/3/21,四川,1
2020/3/21,广东,5
2020/3/21,福建,1
2020/3/21,福建,3
2020/3/21,山东,2
2020/3/21,北京,5
2020/3/21,北京,1
2020/3/21,北京,1
2020/3/21,北京,1
2020/3/21,浙江,1
2020/3/21,浙江,1
2020/3/21,陕西,1
2020/3/21,北京,3
2020/3/21,北京,1
2020/3/21,北京,1
2020/3/21,台湾,18
2020/3/22,香港,17
2020/3/22,澳门,1
2020/3/22,上海,8
2020/3/22,上海,3
2020/3/22,上海,2
2020/3/22,上海,1
2020/3/22,河北,1
2020/3/22,北京,2
2020/3/22,北京,4
2020/3/22,北京,2
2020/3/22,北京,1
2020/3/22,北京,1
2020/3/22,广东,1
2020/3/22,广东,2
2020/3/22,广东,1
2020/3/22,广东,1
2020/3/22,广东,1
2020/3/22,广东,1
2020/3/22,福建,1
2020/3/22,福建,1
2020/3/22,福建,2
2020/3/22,江苏,1
2020/3/22,江苏,1
2020/3/22,浙江,1
2020/3/22,江西,1
2020/3/22,山东,1
2020/3/22,四川,1
2020/3/22,广东,1
2020/3/22,山东,1
2020/3/22,台湾,16
2020/3/22,重庆,1
2020/3/22,澳门,2
2020/3/22,甘肃,1
2020/3/22,甘肃,1
2020/3/23,香港,44
2020/3/23,澳门,1
2020/3/23,广东,2
2020/3/23,广东,2
2020/3/23,广东,1
2020/3/23,广东,1
2020/3/23,上海,3
2020/3/23,上海,3
2020/3/23,上海,1
2020/3/23,上海,2
2020/3/23,上海,1
2020/3/23,山东,1
2020/3/23,北京,2
2020/3/23,北京,2
2020/3/23,北京,2
2020/3/23,北京,1
2020/3/23,北京,1
2020/3/23,河南,1
2020/3/23,辽宁,1
2020/3/23,福建,1
2020/3/23,福建,1
2020/3/23,福建,1
2020/3/23,福建,3
2020/3/23,澳门,2
2020/3/23,浙江,1
2020/3/23,天津,4
2020/3/23,台湾,26
2020/3/23,山东,1
2020/3/23,北京,12
2020/3/23,北京,2
2020/3/23,北京,1
2020/3/23,澳门,1
2020/3/24,香港,39
2020/3/24,山西,1
2020/3/24,福建,2
2020/3/24,福建,3
2020/3/24,广东,3
2020/3/24,广东,4
2020/3/24,广东,2
2020/3/24,广东,3
2020/3/24,广东,1
2020/3/24,广东,1
2020/3/24,广东,1
2020/3/24,重庆,1
2020/3/24,上海,7
2020/3/24,上海,1
2020/3/24,上海,1
2020/3/24,上海,1
2020/3/24,湖北,1
2020/3/24,北京,10
2020/3/24,北京,2
2020/3/24,北京,2
2020/3/24,北京,1
2020/3/24,北京,1
2020/3/24,北京,1
2020/3/24,江苏,2
2020/3/24,江苏,1
2020/3/24,四川,2
2020/3/24,浙江,1
2020/3/24,浙江,1
2020/3/24,澳门,1
2020/3/25,陕西,1
2020/3/25,北京,2
2020/3/25,北京,1
2020/3/25,北京,1
2020/3/25,台湾,20
2020/3/25,香港,30
2020/3/25,台湾,1
2020/3/25,澳门,1
2020/3/25,上海,6
2020/3/25,上海,8
2020/3/25,上海,1
2020/3/25,上海,1
2020/3/25,上海,1
2020/3/25,上海,1
2020/3/25,上海,1
2020/3/25,北京,1
2020/3/25,广东,2
2020/3/25,广东,1
2020/3/25,广东,1
2020/3/25,广东,1
2020/3/25,天津,1
2020/3/25,天津,2
2020/3/25,天津,1
2020/3/25,福建,4
2020/3/25,江苏,2
2020/3/25,四川,1
2020/3/25,四川,1
2020/3/25,吉林,1
2020/3/25,浙江,1
2020/3/25,山东,1
2020/3/25,内蒙古,2
2020/3/25,天津,1
2020/3/26,陕西,1
2020/3/26,澳门,3
2020/3/26,澳门,1
2020/3/26,北京,1
2020/3/26,北京,1
2020/3/26,香港,24
2020/3/26,天津,1
2020/3/26,山西,1
2020/3/26,上海,5
2020/3/26,上海,9
2020/3/26,上海,2
2020/3/26,上海,1
2020/3/26,上海,1
2020/3/26,台湾,19
2020/3/26,云南,1
2020/3/26,云南,1
2020/3/26,内蒙古,5
2020/3/26,内蒙古,7
2020/3/26,江苏,1
2020/3/26,江苏,1
2020/3/26,河南,1
2020/3/26,浙江,1
2020/3/26,浙江,1
2020/3/26,陕西,1
2020/3/26,陕西,1
2020/3/26,福建,1
2020/3/26,福建,1
2020/3/26,福建,1
2020/3/26,福建,3
2020/3/26,北京,3
2020/3/26,北京,1
2020/3/26,广东,7
2020/3/26,广东,1
2020/3/26,广东,1
2020/3/26,广东,1
2020/3/26,广东,1
2020/3/26,吉林,1
2020/3/26,香港,43
2020/3/27,陕西,1
2020/3/27,北京,1
2020/3/27,辽宁,1
2020/3/27,天津,3
2020/3/27,天津,1
2020/3/27,澳门,1
2020/3/27,台湾,17
2020/3/27,山东,1
2020/3/27,山东,1
2020/3/27,广东,2
2020/3/27,广东,1
2020/3/27,广东,1
2020/3/27,天津,1
2020/3/27,上海,3
2020/3/27,上海,7
2020/3/27,上海,2
2020/3/27,上海,1
2020/3/27,上海,1
2020/3/27,上海,1
2020/3/27,上海,1
2020/3/27,上海,1
2020/3/27,浙江,1
2020/3/27,浙江,1
2020/3/27,浙江,1
2020/3/27,浙江,1
2020/3/27,澳门,2
2020/3/27,广东,4
2020/3/27,广东,2
2020/3/27,广东,1
2020/3/27,广东,1
2020/3/27,云南,2
2020/3/27,北京,2
2020/3/27,北京,1
2020/3/27,福建,1
2020/3/27,福建,1
2020/3/27,福建,1
2020/3/27,四川,1
2020/3/27,江苏,1
2020/3/27,内蒙古,3
2020/3/28,台湾,15
2020/3/28,天津,1
2020/3/28,天津,1
2020/3/28,天津,1
2020/3/28,香港,65
2020/3/28,山东,1
2020/3/28,澳门,1
2020/3/28,天津,1
2020/3/28,上海,5
2020/3/28,上海,1
2020/3/28,上海,6
2020/3/28,上海,2
2020/3/28,上海,1
2020/3/28,上海,1
2020/3/28,上海,1
2020/3/28,天津,2
2020/3/28,天津,2
2020/3/28,吉林,1
2020/3/28,吉林,1
2020/3/28,辽宁,1
2020/3/28,辽宁,1
2020/3/28,辽宁,1
2020/3/28,内蒙古,1
2020/3/28,内蒙古,1
2020/3/28,北京,3
2020/3/28,福建,2
2020/3/28,福建,1
2020/3/28,福建,3
2020/3/28,浙江,1
2020/3/28,浙江,1
2020/3/28,浙江,1
2020/3/28,浙江,1
2020/3/28,广东,2
2020/3/28,广东,2
2020/3/28,广东,2
2020/3/28,广东,1
2020/3/28,广东,1
2020/3/28,广东,1
2020/3/28,广东,1
2020/3/28,广东,1
2020/3/29,澳门,1
2020/3/29,北京,1
2020/3/29,香港,43
2020/3/29,澳门,2
2020/3/29,辽宁,2
2020/3/29,辽宁,1
2020/3/29,香港,21
2020/3/29,天津,1
2020/3/29,天津,1
2020/3/29,天津,1
2020/3/29,台湾,16
2020/3/29,广东,3
2020/3/29,广东,3
2020/3/29,广东,1
2020/3/29,广东,1
2020/3/29,上海,3
2020/3/29,上海,1
2020/3/29,上海,2
2020/3/29,上海,1
2020/3/29,北京,1
2020/3/29,北京,1
2020/3/29,北京,1
2020/3/29,江苏,2
2020/3/29,江苏,1
2020/3/29,浙江,1
2020/3/29,浙江,1
2020/3/29,浙江,1
2020/3/29,四川,1
2020/3/29,四川,1
2020/3/29,山西,1
2020/3/29,内蒙古,1
2020/3/29,吉林,1
2020/3/29,福建,1
2020/3/29,江西,1
2020/3/29,贵州,1
2020/3/29,河南,1
2020/3/29,重庆,1
2020/3/30,天津,1
2020/3/30,天津,2
2020/3/30,北京,1
2020/3/30,台湾,15
2020/3/30,香港,59
2020/3/30,甘肃,1
2020/3/30,甘肃,1
2020/3/30,辽宁,1
2020/3/30,辽宁,1
2020/3/30,澳门,1
2020/3/30,上海,2
2020/3/30,上海,4
2020/3/30,山东,1
2020/3/30,江苏,1
2020/3/30,浙江,1
2020/3/30,广东,1
2020/3/30,广东,1
2020/3/30,广东,1
2020/3/30,广东,1
2020/3/30,广东,1
2020/3/30,广东,1
2020/3/30,广东,1
2020/3/30,广东,2
2020/3/30,河北,2
2020/3/30,天津,1
2020/3/30,天津,1
2020/3/30,天津,1
2020/3/30,福建,1
2020/3/30,福建,1
2020/3/30,内蒙古,2
2020/3/31,天津,1
2020/3/31,天津,3
2020/3/31,台湾,8
2020/3/31,天津,1
2020/3/31,香港,41
2020/3/31,上海,6
2020/3/31,上海,1
2020/3/31,上海,3
2020/3/31,上海,1
2020/3/31,辽宁,2
2020/3/31,辽宁,1
2020/3/31,澳门,1
2020/3/31,北京,2
2020/3/31,北京,1
2020/3/31,福建,1
2020/3/31,福建,2
2020/3/31,云南,1
2020/3/31,山东,1
2020/3/31,内蒙古,10
2020/3/31,江苏,1
2020/3/31,广东,4
2020/3/31,广东,2
2020/3/31,浙江,1
2020/3/31,浙江,1
2020/4/1,香港,32
2020/4/1,澳门,2
2020/4/1,上海,2
2020/4/1,上海,1
2020/4/1,上海,1
2020/4/1,上海,1
2020/4/1,上海,2
2020/4/1,辽宁,1
2020/4/1,河北,2
2020/4/1,云南,1
2020/4/1,山西,1
2020/4/1,陕西,1
2020/4/1,陕西,1
2020/4/1,四川,2
2020/4/1,台湾,16
2020/4/1,天津,1
2020/4/1,天津,1
2020/4/1,广东,4
2020/4/1,广东,2
2020/4/1,广东,1
2020/4/1,广东,1
2020/4/1,广东,1
2020/4/1,广东,1
2020/4/1,广东,1
2020/4/1,湖北,1
2020/4/1,福建,1
2020/4/1,福建,1
2020/4/1,内蒙古,4
2020/4/2,香港,51
2020/4/2,台湾,7
2020/4/2,上海,3
2020/4/2,上海,1
2020/4/2,上海,2
2020/4/2,内蒙古,6
2020/4/2,河北,2
2020/4/2,云南,1
2020/4/2,黑龙江,4
2020/4/2,江苏,1
2020/4/2,四川,1
2020/4/2,四川,1
2020/4/2,浙江,1
2020/4/2,广东,2
2020/4/2,广东,1
2020/4/2,广东,1
2020/4/2,广东,1
2020/4/2,广东,1
2020/4/2,山东,1
2020/4/2,湖南,1
2020/4/2,北京,2
2020/4/2,广东,1
2020/4/3,天津,1
2020/4/3,台湾,10
2020/4/3,香港,37
2020/4/3,辽宁,1
2020/4/3,浙江,1
2020/4/3,浙江,1
2020/4/3,广东,2
2020/4/3,广东,1
2020/4/3,广东,1
2020/4/3,广东,1
2020/4/3,广东,1
2020/4/3,福建,1
2020/4/3,福建,1
2020/4/3,福建,1
2020/4/3,福建,1
2020/4/3,四川,1
2020/4/3,云南,1
2020/4/3,黑龙江,1
2020/4/3,上海,2
2020/4/3,上海,1
2020/4/3,上海,1
2020/4/3,山东,1
2020/4/3,山东,1
2020/4/3,山东,1
2020/4/3,北京,1
2020/4/3,河北,1
2020/4/3,江苏,1
2020/4/3,江苏,1
2020/4/3,江苏,2
2020/4/4,天津,2
2020/4/4,台湾,9
2020/4/4,香港,43
2020/4/4,天津,1
2020/4/4,澳门,2
2020/4/4,上海,1
2020/4/4,上海,2
2020/4/4,黑龙江,2
2020/4/4,湖北,1
2020/4/4,北京,1
2020/4/4,北京,1
2020/4/4,浙江,1
2020/4/4,浙江,1
2020/4/4,四川,1
2020/4/4,四川,1
2020/4/4,福建,1
2020/4/4,陕西,1
2020/4/4,广东,2
2020/4/4,台湾,7
2020/4/5,香港,17
2020/4/5,上海,1
2020/4/5,上海,1
2020/4/5,黑龙江,13
2020/4/5,辽宁,1
2020/4/5,河北,1
2020/4/5,北京,1
2020/4/5,山东,1
2020/4/5,四川,1
2020/4/5,广东,2
2020/4/5,广东,1
2020/4/5,广东,3
2020/4/5,广东,2
2020/4/5,澳门,1
2020/4/5,浙江,1
2020/4/5,山西,1
2020/4/6,香港,28
2020/4/6,台湾,8
2020/4/6,甘肃,1
2020/4/6,上海,3
2020/4/6,上海,1
2020/4/6,上海,1
2020/4/6,黑龙江,20
2020/4/6,山东,1
2020/4/6,内蒙古,1
2020/4/6,四川,1
2020/4/6,北京,1
2020/4/6,浙江,1
2020/4/6,广东,2
2020/4/6,广东,2
2020/4/6,广东,1
2020/4/6,广东,1
2020/4/6,广东,1
2020/4/6,广东,1
2020/4/7,香港,24
2020/4/7,广东,1
2020/4/7,浙江,1
2020/4/7,黑龙江,20
2020/4/7,上海,1
2020/4/7,上海,1
2020/4/7,内蒙古,3
2020/4/7,辽宁,2
2020/4/7,山东,1
2020/4/7,福建,1
2020/4/7,四川,1
2020/4/7,台湾,10
2020/4/8,香港,21
2020/4/8,台湾,3
2020/4/8,山东,2
2020/4/8,山西,25
2020/4/8,北京,1
2020/4/8,上海,1
2020/4/8,上海,2
2020/4/8,上海,2
2020/4/8,黑龙江,25
2020/4/8,内蒙古,3
2020/4/8,浙江,1
2020/4/8,广东,1
2020/4/8,广东,1
2020/4/8,广东,1
2020/4/9,台湾,3
2020/4/9,香港,25
2020/4/9,香港,1
2020/4/9,天津,1
2020/4/9,澳门,1
2020/4/9,山西,3
2020/4/9,上海,4
2020/4/9,上海,4
2020/4/9,上海,1
2020/4/9,广东,2
2020/4/9,广东,1
2020/4/9,黑龙江,40
2020/4/9,安徽,1
2020/4/9,浙江,1
2020/4/9,内蒙古,2
2020/4/10,天津,1
2020/4/10,山西,2
2020/4/10,上海,1
2020/4/10,上海,1
2020/4/10,上海,1
2020/4/10,内蒙古,2
2020/4/10,黑龙江,1
2020/4/10,黑龙江,28
2020/4/10,广东,1
2020/4/10,广东,1
2020/4/10,广东,2
2020/4/10,广东,1
2020/4/10,香港,12
2020/4/10,台湾,1
2020/4/11,香港,16
2020/4/11,台湾,2
2020/4/11,山西,4
2020/4/11,山东,1
2020/4/11,辽宁,1
2020/4/11,黑龙江,1
2020/4/11,黑龙江,22
2020/4/11,江苏,1
2020/4/11,北京,1
2020/4/11,广东,1
2020/4/11,广东,3
2020/4/11,内蒙古,27
2020/4/11,天津,1
2020/4/12,台湾,3
2020/4/12,香港,11
2020/4/12,吉林,1
2020/4/12,上海,51
2020/4/12,上海,1
2020/4/12,黑龙江,2
2020/4/12,黑龙江,21
2020/4/12,江苏,1
2020/4/12,福建,1
2020/4/12,广东,2
2020/4/12,广东,1
2020/4/12,广东,1
2020/4/13,内蒙古,34
2020/4/13,香港,4
2020/4/13,天津,1
2020/4/13,台湾,3
2020/4/13,山西,1
2020/4/13,上海,1
2020/4/13,上海,1
2020/4/13,上海,9
2020/4/13,黑龙江,7
2020/4/13,黑龙江,49
2020/4/13,吉林,1
2020/4/13,内蒙古,1
2020/4/13,广东,3
2020/4/14,台湾,5
2020/4/14,香港,5
2020/4/14,广东,2
2020/4/14,广东,1
2020/4/14,广东,2
2020/4/14,广东,1
2020/4/14,广东,2
2020/4/14,广东,1
2020/4/14,福建,1
2020/4/14,黑龙江,79
2020/4/15,香港,3
2020/4/15,吉林,1
2020/4/15,吉林,1
2020/4/15,上海,4
2020/4/15,黑龙江,8
2020/4/15,黑龙江,12
2020/4/15,黑龙江,1
2020/4/15,黑龙江,1
2020/4/15,山西,13
2020/4/15,广东,2
2020/4/15,浙江,1
2020/4/15,北京,1
2020/4/15,天津,1
2020/4/16,香港,4
2020/4/16,山西,8
2020/4/16,黑龙江,4
2020/4/16,黑龙江,16
2020/4/16,内蒙古,3
2020/4/16,河北,1
2020/4/16,上海,2
2020/4/16,上海,3
2020/4/16,上海,1
2020/4/16,广东,4
2020/4/16,广东,1
2020/4/16,北京,3
2020/4/16,台湾,2
2020/4/17,香港,1
2020/4/17,山西,3
2020/4/17,黑龙江,3
2020/4/17,黑龙江,8
2020/4/17,辽宁,1
2020/4/17,山东,2
2020/4/17,山东,1
2020/4/17,广东,1
2020/4/17,广东,4
2020/4/17,广东,1
2020/4/17,福建,1
2020/4/17,天津,1
2020/4/17,湖北,325
2020/4/18,黑龙江,7
2020/4/18,黑龙江,13
2020/4/18,香港,4
2020/4/18,福建,1
2020/4/18,广东,1
2020/4/18,广东,1
2020/4/18,四川,1
2020/4/18,天津,3
2020/4/19,上海,2
2020/4/19,上海,2
2020/4/19,上海,3
2020/4/19,黑龙江,4
2020/4/19,黑龙江,2
2020/4/19,广东,1
2020/4/19,香港,2
2020/4/19,台湾,3
2020/4/19,吉林,2
2020/4/20,上海,1
2020/4/20,上海,2
2020/4/20,内蒙古,1
2020/4/20,黑龙江,3
2020/4/20,黑龙江,4
2020/4/20,香港,2
2020/4/20,台湾,22
2020/4/20,广东,1
2020/4/21,黑龙江,6
2020/4/21,黑龙江,2
2020/4/21,广东,1
2020/4/21,陕西,21
2020/4/21,吉林,2
2020/4/21,台湾,3
2020/4/22,台湾,2
2020/4/22,香港,4
2020/4/22,上海,1
2020/4/22,黑龙江,7
2020/4/22,黑龙江,1
2020/4/22,陕西,2
2020/4/23,上海,1
2020/4/23,吉林,1
2020/4/23,黑龙江,3
2020/4/23,黑龙江,1
2020/4/23,香港,4
2020/4/23,台湾,1
2020/4/23,广东,1
2020/4/23,广东,1
2020/4/24,台湾,1
2020/4/24,香港,2
2020/4/24,上海,1
2020/4/24,黑龙江,1
2020/4/24,黑龙江,2
2020/4/24,广东,1
2020/4/24,吉林,1
2020/4/25,天津,1
2020/4/25,台湾,1
2020/4/25,黑龙江,1
2020/4/25,黑龙江,1
2020/4/25,陕西,7
2020/4/25,内蒙古,3
2020/4/25,吉林,1
2020/4/25,云南,1
2020/4/26,上海,1
2020/4/26,黑龙江,2
2020/4/26,黑龙江,3
2020/4/26,内蒙古,1
2020/4/26,广东,1
2020/4/26,香港,2
2020/4/26,台湾,1
2020/4/27,黑龙江,1
2020/4/27,广东,1
2020/4/27,吉林,1
2020/4/28,黑龙江,3
2020/4/28,上海,2
2020/4/28,内蒙古,1
2020/4/29,陕西,20
2020/4/29,上海,1
2020/4/29,广东,1
2020/4/30,内蒙古,1
2020/4/30,上海,1
2020/4/30,上海,1
2020/4/30,吉林,1
2020/5/1,内蒙古,1
2020/5/1,黑龙江,5
2020/5/1,上海,2
2020/5/1,上海,3
2020/5/1,福建,1
2020/5/2,香港,2
2020/5/2,吉林,1
2020/5/3,台湾,3
2020/5/3,山西,1
2020/5/3,上海,1
2020/5/4,山东,1
2020/5/4,台湾,4
2020/5/4,上海,2
2020/5/5,香港,1
2020/5/5,台湾,2
2020/5/5,上海,1
2020/5/6,陕西,2
2020/5/7,台湾,1
2020/5/7,上海,1
2020/5/7,广东,1
2020/5/8,吉林,1
2020/5/8,香港,4
2020/5/8,台湾,1
2020/5/9,天津,1
2020/5/10,上海,2
2020/5/10,吉林,11
2020/5/10,湖北,1
2020/5/11,黑龙江,1
2020/5/11,辽宁,1
2020/5/11,内蒙古,5
2020/5/11,内蒙古,2
2020/5/11,吉林,3
2020/5/11,香港,3
2020/5/11,湖北,5
2020/5/12,内蒙古,1
2020/5/13,吉林,6
2020/5/13,上海,1
2020/5/14,辽宁,2
2020/5/14,吉林,1
2020/5/14,香港,3
2020/5/15,香港,1
2020/5/15,吉林,4
2020/5/16,香港,1
2020/5/16,吉林,2
2020/5/16,上海,4
2020/5/16,上海,1
2020/5/16,海南,1
2020/5/17,广东,1
2020/5/17,天津,1
2020/5/17,吉林,4
2020/5/18,香港,3
2020/5/18,上海,1
2020/5/18,内蒙古,4
2020/5/18,吉林,2
2020/5/19,吉林,5
2020/5/19,湖北,1
2020/5/19,内蒙古,3
2020/5/20,吉林,1
2020/5/20,内蒙古,1
2020/5/21,上海,1
2020/5/21,广东,1
2020/5/22,台湾,1
2020/5/22,香港,8
2020/5/22,四川,2
2020/5/22,吉林,2
2020/5/23,香港,2
2020/5/24,上海,1
2020/5/24,吉林,1
2020/5/24,广东,1
2020/5/25,内蒙古,10
2020/5/25,四川,1
2020/5/26,上海,1
2020/5/26,内蒙古,5
2020/5/26,福建,1
2020/5/27,上海,1
2020/5/28,香港,1
2020/5/28,福建,1
2020/5/28,上海,1
2020/5/30,山东,2
2020/5/30,上海,1
2020/5/30,广东,1
2020/5/30,香港,13
2020/5/30,台湾,1
2020/5/31,山东,1
2020/5/31,山东,1
2020/5/31,香港,3
2020/6/1,内蒙古,3
2020/6/1,广东,2
2020/6/1,四川,11
2020/6/1,香港,2
2020/6/2,陕西,1
2020/6/2,香港,3
2020/6/2,台湾,1
2020/6/2,上海,1
2020/6/2,广东,1
2020/6/2,四川,2
2020/6/3,香港,6
2020/6/3,江西,-2
2020/6/3,江西,-2
2020/6/3,江西,-1
2020/6/3,黑龙江,2
2020/6/3,广东,1
2020/6/4,广东,1
2020/6/5,四川,1
2020/6/5,上海,1
2020/6/5,上海,2
2020/6/5,上海,1
2020/6/5,香港,6
2020/6/6,香港,3
2020/6/6,广东,3
2020/6/7,香港,3
2020/6/7,广东,1
2020/6/7,福建,1
2020/6/7,陕西,2
2020/6/7,海南,1
2020/6/7,天津,1
2020/6/8,上海,1
2020/6/8,香港,1
2020/6/8,四川,3
2020/6/8,海南,-1
2020/6/9,广东,2
2020/6/9,四川,1
2020/6/9,香港,1
2020/6/10,内蒙古,1
2020/6/10,内蒙古,1
2020/6/10,天津,1
2020/6/11,上海,1
2020/6/11,上海,1
2020/6/11,上海,4
2020/6/11,天津,1
2020/6/11,福建,1
2020/6/11,广东,3
2020/6/12,北京,1
2020/6/12,上海,5
2020/6/12,福建,1
2020/6/13,天津,1
2020/6/13,北京,2
2020/6/13,香港,1
2020/6/13,上海,1
2020/6/13,广东,1
2020/6/13,海南,1
2020/6/13,四川,1
2020/6/13,北京,1
2020/6/13,北京,3
2020/6/13,海南,1
2020/6/14,北京,1
2020/6/14,北京,1
2020/6/14,北京,1
2020/6/14,北京,1
2020/6/14,北京,2
2020/6/14,北京,7
2020/6/14,北京,23
2020/6/14,辽宁,2
2020/6/14,广东,14
2020/6/14,广东,3
2020/6/14,上海,1
2020/6/14,重庆,1
2020/6/14,陕西,1
2020/6/14,陕西,1
2020/6/14,香港,1
2020/6/15,重庆,2
2020/6/15,四川,4
2020/6/15,北京,23
2020/6/15,北京,7
2020/6/15,北京,2
2020/6/15,北京,1
2020/6/15,北京,1
2020/6/15,北京,1
2020/6/15,北京,1
2020/6/15,河北,3
2020/6/15,上海,1
2020/6/15,福建,1
2020/6/16,香港,3
2020/6/16,台湾,2
2020/6/16,上海,2
2020/6/16,上海,1
2020/6/16,广东,3
2020/6/16,内蒙古,1
2020/6/16,辽宁,1
2020/6/16,北京,1
2020/6/16,北京,22
2020/6/16,北京,2
2020/6/16,北京,1
2020/6/16,北京,1
2020/6/16,河北,3
2020/6/16,河北,1
2020/6/16,四川,1
2020/6/17,甘肃,10
2020/6/17,四川,1
2020/6/17,北京,3
2020/6/17,北京,1
2020/6/17,北京,3
2020/6/17,北京,19
2020/6/17,北京,5
2020/6/17,河北,1
2020/6/17,浙江,1
2020/6/18,陕西,1
2020/6/18,天津,1
2020/6/18,上海,2
2020/6/18,香港,8
2020/6/18,北京,1
2020/6/18,北京,14
2020/6/18,北京,6
2020/6/18,河北,2
2020/6/18,甘肃,1
2020/6/19,香港,4
2020/6/19,台湾,1
2020/6/19,广东,3
2020/6/19,北京,1
2020/6/19,北京,1
2020/6/19,北京,18
2020/6/19,北京,5
2020/6/19,河北,2
2020/6/19,辽宁,1
2020/6/19,甘肃,1
2020/6/20,香港,3
2020/6/20,北京,1
2020/6/20,北京,13
2020/6/20,北京,8
2020/6/20,广东,2
2020/6/20,广东,1
2020/6/20,上海,1
2020/6/20,河北,1
2020/6/21,北京,8
2020/6/21,北京,10
2020/6/21,北京,3
2020/6/21,北京,1
2020/6/21,河北,1
2020/6/21,河北,2
2020/6/21,福建,1
2020/6/21,香港,1
2020/6/22,陕西,2
2020/6/22,上海,1
2020/6/22,上海,2
2020/6/22,北京,5
2020/6/22,北京,2
2020/6/22,北京,1
2020/6/22,北京,1
2020/6/22,辽宁,1
2020/6/22,河北,1
2020/6/22,河北,1
2020/6/22,香港,3
2020/6/22,天津,1
2020/6/23,陕西,1
2020/6/23,甘肃,7
2020/6/23,北京,6
2020/6/23,北京,3
2020/6/23,北京,3
2020/6/23,北京,1
2020/6/23,香港,30
2020/6/23,江苏,1
2020/6/24,香港,16
2020/6/24,上海,1
2020/6/24,上海,1
2020/6/24,北京,6
2020/6/24,北京,1
2020/6/24,河北,2
2020/6/24,陕西,2
2020/6/25,北京,9
2020/6/25,北京,4
2020/6/25,香港,2
2020/6/25,甘肃,3
2020/6/25,广东,1
2020/6/25,河北,1
2020/6/26,北京,7
2020/6/26,北京,2
2020/6/26,北京,1
2020/6/26,北京,1
2020/6/26,上海,1
2020/6/26,上海,1
2020/6/26,香港,14
2020/6/26,澳门,1
2020/6/26,台湾,1
2020/6/27,北京,15
2020/6/27,北京,2
2020/6/27,上海,1
2020/6/27,广东,1
2020/6/27,广东,1
2020/6/27,甘肃,1
2020/6/27,香港,3
2020/6/28,上海,1
2020/6/28,北京,10
2020/6/28,北京,4
2020/6/28,陕西,1
2020/6/28,香港,1
2020/6/28,甘肃,1
2020/6/29,辽宁,1
2020/6/29,香港,2
2020/6/29,四川,3
2020/6/29,上海,1
2020/6/29,北京,5
2020/6/29,北京,2
2020/6/30,上海,1
2020/6/30,上海,1
2020/6/30,上海,1
2020/6/30,上海,1
2020/6/30,香港,4
2020/6/30,甘肃,1
2020/6/30,北京,6
2020/6/30,北京,1
2020/6/30,广东,3
2020/6/30,广东,1
2020/6/30,四川,3
2020/7/1,香港,2
2020/7/1,北京,3
2020/7/2,上海,1
2020/7/2,广东,1
2020/7/2,北京,1
2020/7/2,香港,28
2020/7/3,香港,9
2020/7/3,台湾,1
2020/7/3,辽宁,1
2020/7/3,上海,1
2020/7/3,云南,1
2020/7/3,北京,2
2020/7/4,上海,1
2020/7/4,香港,5
2020/7/4,台湾,1
2020/7/4,广东,1
2020/7/4,北京,1
2020/7/5,天津,1
2020/7/5,香港,11
2020/7/5,甘肃,3
2020/7/5,上海,1
2020/7/5,四川,1
2020/7/5,北京,2
2020/7/6,香港,10
2020/7/6,北京,1
2020/7/6,内蒙古,1
2020/7/6,辽宁,1
2020/7/6,陕西,1
2020/7/7,内蒙古,1
2020/7/7,上海,2
2020/7/7,广东,1
2020/7/7,辽宁,2
2020/7/7,四川,2
2020/7/7,香港,17
2020/7/8,山西,1
2020/7/8,广东,1
2020/7/8,云南,1
2020/7/8,内蒙古,4
2020/7/8,香港,14
2020/7/9,香港,24
2020/7/9,广东,2
2020/7/9,上海,2
2020/7/9,上海,1
2020/7/9,辽宁,3
2020/7/9,四川,1
2020/7/10,香港,42
2020/7/10,上海,1
2020/7/10,山西,1
2020/7/10,辽宁,1
2020/7/10,内蒙古,1
2020/7/11,辽宁,1
2020/7/11,香港,38
2020/7/11,台湾,2
2020/7/11,广东,1
2020/7/12,香港,28
2020/7/12,上海,2
2020/7/12,天津,3
2020/7/12,天津,1
2020/7/12,浙江,1
2020/7/13,内蒙古,4
2020/7/13,上海,1
2020/7/13,广东,1
2020/7/13,广东,1
2020/7/13,香港,38
2020/7/13,山东,1
2020/7/14,香港,52
2020/7/14,上海,2
2020/7/14,上海,1
2020/7/15,香港,48
2020/7/15,上海,1
2020/7/15,上海,1
2020/7/15,上海,1
2020/7/15,山西,1
2020/7/15,重庆,1
2020/7/15,云南,1
2020/7/16,香港,19
2020/7/16,上海,1
2020/7/16,新疆,1
2020/7/17,香港,67
2020/7/17,台湾,1
2020/7/17,广东,4
2020/7/17,江苏,1
2020/7/17,山东,1
2020/7/17,广西,1
2020/7/17,上海,1
2020/7/17,陕西,1
2020/7/17,新疆,1
2020/7/18,新疆,4
2020/7/18,香港,58
2020/7/18,新疆,11
2020/7/18,山东,2
2020/7/18,福建,1
2020/7/18,广东,2
2020/7/18,广东,1
2020/7/18,台湾,2
2020/7/19,香港,64
2020/7/19,新疆,13
2020/7/19,山东,1
2020/7/19,广东,2
2020/7/20,内蒙古,1
2020/7/20,山东,1
2020/7/20,四川,2
2020/7/20,四川,1
2020/7/20,新疆,16
2020/7/20,新疆,1
2020/7/20,香港,108
2020/7/20,台湾,1
2020/7/21,上海,1
2020/7/21,上海,1
2020/7/21,香港,73
2020/7/21,新疆,7
2020/7/21,新疆,1
2020/7/21,四川,1
2020/7/22,香港,60
2020/7/22,上海,1
2020/7/22,上海,1
2020/7/22,云南,1
2020/7/22,广东,2
2020/7/22,新疆,9
2020/7/23,香港,113
2020/7/23,新疆,18
2020/7/23,上海,1
2020/7/23,广东,1
2020/7/23,辽宁,1
2020/7/23,陕西,1
2020/7/24,香港,118
2020/7/24,新疆,13
2020/7/24,辽宁,2
2020/7/24,广东,3
2020/7/24,广东,1
2020/7/24,广东,1
2020/7/24,上海,1
2020/7/25,香港,123
2020/7/25,台湾,3
2020/7/25,新疆,20
2020/7/25,辽宁,9
2020/7/25,广东,1
2020/7/25,广东,1
2020/7/25,上海,1
2020/7/25,上海,1
2020/7/25,内蒙古,1
2020/7/26,内蒙古,5
2020/7/26,山东,1
2020/7/26,辽宁,12
2020/7/26,辽宁,1
2020/7/26,广东,3
2020/7/26,新疆,22
2020/7/26,香港,133
2020/7/26,天津,1
2020/7/26,福建,1
2020/7/27,吉林,2
2020/7/27,辽宁,14
2020/7/27,新疆,41
2020/7/27,四川,1
2020/7/27,香港,128
2020/7/27,内蒙古,2
2020/7/27,福建,1
2020/7/28,香港,145
2020/7/28,台湾,4
2020/7/28,辽宁,6
2020/7/28,新疆,57
2020/7/28,云南,1
2020/7/28,北京,1
2020/7/28,北京,1
2020/7/28,上海,1
2020/7/28,上海,1
2020/7/29,台湾,5
2020/7/29,香港,106
2020/7/29,新疆,89
2020/7/29,北京,1
2020/7/29,广东,1
2020/7/29,广东,1
2020/7/29,上海,1
2020/7/29,辽宁,8
2020/7/30,香港,118
2020/7/30,辽宁,5
2020/7/30,新疆,96
2020/7/30,广东,1
2020/7/30,北京,1
2020/7/30,云南,1
2020/7/30,陕西,1
2020/7/31,辽宁,11
2020/7/31,香港,149
2020/7/31,新疆,1
2020/7/31,新疆,111
2020/7/31,广东,1
2020/7/31,广东,2
2020/7/31,天津,1
